"SUID","name","selected","shared name"
"72","BCL2L11","false","BCL2L11"
"73","NGFR","false","NGFR"
"75","CASP6","false","CASP6"
"77","BRAF","false","BRAF"
"79","HSP90AA1","false","HSP90AA1"
"81","CASP8","false","CASP8"
"83","BNIP3","false","BNIP3"
"85","CD40","false","CD40"
"87","MYC","false","MYC"
"89","DIABLO","false","DIABLO"
"91","MAPK8","false","MAPK8"
"100","CTSD","false","CTSD"
"102","TRAF2","false","TRAF2"
"104","MYCN","false","MYCN"
"106","TLR3","false","TLR3"
"108","MLKL","false","MLKL"
"111","MAP3K7","false","MAP3K7"
"117","DDX58","false","DDX58"
"128","STUB1","false","STUB1"
"138","DNMT1","false","DNMT1"
"140","SIRT2","false","SIRT2"
"142","HAT1","false","HAT1"
"145","IDH2","false","IDH2"
"148","HDAC9","false","HDAC9"
"154","MYH9","false","MYH9"
"158","TSC1","false","TSC1"
"161","TRPM7","false","TRPM7"
"163","PELI1","false","PELI1"
"168","ID1","false","ID1"
