Only MCC,Only MNC,Only EPC,Only Degree,Only Closeness,MCC AND MNC NOT EPC NOT Degree NOT Closeness,MCC AND EPC NOT MNC NOT Degree NOT Closeness,MCC AND Degree NOT MNC NOT EPC NOT Closeness,MCC AND Closeness NOT MNC NOT EPC NOT Degree,MNC AND EPC NOT MCC NOT Degree NOT Closeness,MNC AND Degree NOT MCC NOT EPC NOT Closeness,MNC AND Closeness NOT MCC NOT EPC NOT Degree,EPC AND Degree NOT MCC NOT MNC NOT Closeness,EPC AND Closeness NOT MCC NOT MNC NOT Degree,Degree AND Closeness NOT MCC NOT MNC NOT EPC,MCC AND MNC AND EPC NOT Degree NOT Closeness,MCC AND MNC AND Degree NOT EPC NOT Closeness,MCC AND MNC AND Closeness NOT EPC NOT Degree,MCC AND EPC AND Degree NOT MNC NOT Closeness,MCC AND EPC AND Closeness NOT MNC NOT Degree,MCC AND Degree AND Closeness NOT MNC NOT EPC,MNC AND EPC AND Degree NOT MCC NOT Closeness,MNC AND EPC AND Closeness NOT MCC NOT Degree,MNC AND Degree AND Closeness NOT MCC NOT EPC,EPC AND Degree AND Closeness NOT MCC NOT MNC,MCC AND MNC AND EPC AND Degree NOT Closeness,MCC AND MNC AND EPC AND Closeness NOT Degree,MCC AND MNC AND Degree AND Closeness NOT EPC,MCC AND EPC AND Degree AND Closeness NOT MNC,MNC AND EPC AND Degree AND Closeness NOT MCC,MCC AND MNC AND EPC AND Degree AND Closeness
,,,,,,,,,,,,,DDX58,,,,,,,,,,,,TRAF2,,DNMT1,,,MAP3K7
,,,,,,,,,,,,,,,,,,,,,,,,,,,,,,HSP90AA1
,,,,,,,,,,,,,,,,,,,,,,,,,,,,,,CASP8
,,,,,,,,,,,,,,,,,,,,,,,,,,,,,,CD40
,,,,,,,,,,,,,,,,,,,,,,,,,,,,,,MYC
,,,,,,,,,,,,,,,,,,,,,,,,,,,,,,BCL2L11
,,,,,,,,,,,,,,,,,,,,,,,,,,,,,,DIABLO
,,,,,,,,,,,,,,,,,,,,,,,,,,,,,,MAPK8
