Only col1,Only col2,col1 AND col2
S100A12,FADD,ID1
S100A8,FAS,TRPM7
CXCR2,FASLG,HAT1
PSPH,RIPK1,IDH2
MNDA,RIPK3,BNIP3
S100A9,TNF,CASP8
FCGR3B,TRIM11,IPMK
RGS18,ZBP1,PGLYRP1
DHRS9,ITPK1,MYH9
IGHM,SIRT3,MYC
NRAP,TNFRSF1A,SLC39A7
CLC,TNFSF10,DIABLO
HLA-DQA1,TNFRSF1B,NOX4
EVI2B,PANX1,DNMT1
ZDHHC20,OTULIN,HSP90AA1
C16orf54,CYLD,HDAC9
PROK2,USP22,NGFR
S100A4,SQSTM1,STUB1
CNN3,STAT3,BRAF
IGHD,CFLAR,DDX58
STT3A,AXL,MAPK8
LOC101927990,CDKN2A,PELI1
HLA-DPB1,HSPA4,TSC1
CHGB,BCL2,CASP6
TYROBP,FLT3,MPG
CYBB,SIRT1,SIRT2
CYBA,PLK1,MLKL
NCF2,BACH2,TLR3
CDK9,GATA3,CTSD
COX16,ALK,MYCN
PPIB,ATRX,CD40
GPR34,TERT,MAP3K7
C1QC,SPATA2,BCL2L11
GAPT,RNF31,TRAF2
VNN2,IDH1,
RAB8A,KLF9,
PPBP,LEF1,
B3GALT2,C6,
UBE2M,TNFRSF25,
CTSZ,ESR2,
MPEG1,NFKBIA,
EPHA3,AIFM2,
CSRP3,BCL2L1,
PRMT1,UBR2,
CMTM2,KLHDC10,
TMEM159,EGFR,
MGP,TP53,
TOMM22,TARDBP,
NPY1R,APP,
MRPS6,TNFRSF21,
PPP1R3C,,
ALYREF,,
RGS13,,
DNER,,
C8orf4,,
FYB,,
KLF2,,
COL15A1,,
YWHAH,,
IGJ,,
TNFRSF17,,
GPR160,,
PIK3CA,,
LINC00657,,
SNX7,,
RNF166,,
CEP83,,
SNX6,,
RCAN1,,
FLI1,,
P4HA1,,
ATP8B4,,
IGKC,,
IDH3A,,
TPSB2,,
HLA-DRA,,
RBBP4,,
SNRNP40,,
SMARCE1,,
FAM96B,,
CYSLTR1,,
SELT,,
SELL,,
LBH,,
CD37,,
FUNDC2,,
PCGF5,,
AP3S1,,
TPSAB1,,
MS4A7,,
LY96,,
CAPZA2,,
GNB2,,
CLEC10A,,
LRIF1,,
PKIB,,
IGSF6,,
FCER1A,,
RPN1,,
LCP1,,
CXCL12,,
CPA3,,
CCL5,,
FCGR2C,,
PEX2,,
SULT1C4,,
NET1,,
FAM216B,,
DNAJA2,,
CSF2RB,,
IKBIP,,
PSMB3,,
S100A6,,
NEK7,,
TLR8,,
EIF3I,,
JAG1,,
P2RY13,,
DUT,,
CLEC4A,,
TRIM22,,
BCL2A1,,
NPC2,,
HAPLN1,,
HSPB7,,
ANAPC16,,
FMO2,,
TMEM256,,
GTF2I,,
CSF2RA,,
POPDC3,,
RFTN2,,
ALOX5AP,,
MRPL12,,
RRAD,,
TMEM261,,
ACAT1,,
CDKN2AIPNL,,
DLD,,
NRP1,,
PDE5A,,
OST4,,
TFEC,,
PKHD1L1,,
RNASE6,,
FCN1,,
C9orf3,,
MITD1,,
SHOX2,,
SMS,,
ILF2,,
TRDV3,,
MSL3,,
UBE2S,,
MS4A6A,,
MS4A4A,,
FGF7,,
BAG2,,
MRPL42,,
APH1A,,
CRIP2,,
SCN7A,,
NQO2,,
TM4SF18,,
CX3CR1,,
CHIC2,,
QPCT,,
FHL2,,
SUDS3,,
DOCK10,,
RGCC,,
RNASE1,,
MGAM,,
SEPP1,,
SOX18,,
EAPP,,
PTPRG,,
COMMD6,,
HPGDS,,
TM6SF1,,
S100P,,
ATP5O,,
COMP,,
FRZB,,
MIER1,,
THAP1,,
ISOC2,,
ATP5G2,,
CITED2,,
EPCAM,,
ARPP19,,
LMAN2,,
MRPL54,,
CLEC2B,,
MIS18BP1,,
CD48,,
IFI6,,
LST1,,
STAM2,,
FAM101B,,
FCGR2A,,
MYL3,,
RLN1,,
HIGD2A,,
CTNNB1,,
BAX,,
EVI2A,,
DDA1,,
RPL3L,,
IFIT2,,
IL33,,
CMA1,,
ABI1,,
SLC30A9,,
SCOC,,
DRAP1,,
SP3,,
LYZ,,
HIGD1A,,
LINC01094,,
PSMC3,,
HSPE1,,
HSPA9,,
FAM103A1,,
RCN3,,
CYP4F3,,
CLPTM1,,
COL21A1,,
LSM12,,
BANF1,,
PPP3R1,,
CORO1C,,
PCDHGC3,,
VASP,,
BSG,,
NDUFAF7,,
CST3,,
FAM210A,,
ZCCHC7,,
MGST3,,
MIR100HG,,
ITM2A,,
PTN,,
TRA2A,,
TRDN,,
RCBTB2,,
CAMTA1,,
ARF5,,
ARHGAP6,,
PPP4C,,
LOC101929504,,
FAM65B,,
WFDC1,,
FGFR1OP2,,
COTL1,,
COPS2,,
SLC6A6,,
CRLF1,,
SOD1,,
LILRA6,,
NAPSB,,
EFHD2,,
LAP3,,
RABAC1,,
PFDN4,,
CD300LG,,
GNG11,,
DNAJC7,,
GIMAP2,,
TNNC1,,
ARL6IP5,,
MARCKS,,
SWAP70,,
CUL2,,
ZEB2,,
MRPL44,,
HCST,,
PPFIBP1,,
SNAI2,,
MORF4L1,,
CHMP5,,
ETFA,,
IQGAP2,,
COX5B,,
IGK,,
CFD,,
FLYWCH2,,
LPHN3,,
TMEM251,,
PILRA,,
GLUD2,,
C1orf54,,
FAM102B,,
FBN2,,
FCER1G,,
CD74,,
FABP3,,
C15orf41,,
FUT8,,
PHACTR2,,
BLNK,,
PPP1R1C,,
ATP1B4,,
CAPRIN1,,
NDUFA4L2,,
COX8A,,
SNX3,,
MRPL34,,
KLRC3,,
MPC2,,
EEF1A2,,
PTRF,,
PFN1,,
MAD2L2,,
ZCCHC13,,
KATNBL1,,
CORO1A,,
LYN,,
RP1-8B22.1,,
CCR2,,
TXN,,
LMBR1,,
DCK,,
GZMA,,
CCL23,,
ATP6V1C1,,
LOC101928304,,
HTR2B,,
COPG1,,
RPA1,,
ZNF667-AS1,,
CRLS1,,
ASB11,,
SERTAD3,,
TSPAN12,,
PLXNC1,,
RNF130,,
LGALS1,,
ZNF595,,
PID1,,
AAED1,,
DNAJB4,,
KIAA1586,,
CRTAM,,
ATAD1,,
YBX1,,
RBX1,,
PPP2CA,,
TTC37,,
MTFMT,,
KIAA1211,,
PFN2,,
PDIA4,,
FPR3,,
FBF1,,
DPYSL2,,
PGAM5,,
UPK1B,,
SSR3,,
EBF2,,
SAR1B,,
SMAD4,,
TESPA1,,
C12orf75,,
APOA1,,
SERPINA1,,
PDGFD,,
FXYD1,,
PTPRJ,,
CHCHD10,,
ZNF441,,
APOL4,,
RBM3,,
SOX17,,
C7orf55,,
TMEM14B,,
EIF4E3,,
MEF2C,,
PADI4,,
GUCY1B3,,
ACKR1,,
NEIL2,,
EIF2A,,
CBLN1,,
FUNDC1,,
CD86,,
ACN9,,
TCF21,,
ZBTB6,,
MAF,,
TMBIM4,,
PQLC3,,
PCMTD2,,
GIMAP6,,
PITPNA-AS1,,
MCTP1,,
FBXO3,,
FAM192A,,
CYB5B,,
PSENEN,,
RBM48,,
PDE8B,,
RTN3,,
CAPZB,,
MRPL35,,
IGFBP2,,
ALDH1A1,,
LINC01330,,
DNAJC17,,
MPC1,,
AX748292,,
STOML2,,
UQCRC2,,
CXCL11,,
ITGAM,,
STAMBPL1,,
OSTF1,,
DCAF17,,
MRPL41,,
CD72,,
UBE2B,,
PLN,,
LPAR6,,
BTF3L4,,
CAT,,
PDHX,,
IFNGR2,,
TRAPPC5,,
ST6GAL2,,
BCAT2,,
THOC6,,
ARRDC3,,
NRN1,,
MOCS3,,
RNF13,,
FAM127A,,
DOCK1,,
ANO1,,
PFKM,,
PDAP1,,
NUDCD2,,
NDUFB10,,
PSMB8-AS1,,
CXCR4,,
BLOC1S2,,
FLT3LG,,
SAFB,,
NKG7,,
DSPP,,
LHFP,,
GNAQ,,
PREX2,,
DDX59,,
RGS10,,
B3GALTL,,
MS4A2,,
CCDC47,,
TMEM165,,
FAP,,
C3orf38,,
COQ7,,
SLC38A6,,
USP21,,
ATP5H,,
LSM2,,
PAK2,,
ADIPOR1,,
TAF12,,
ARL11,,
ANXA6,,
SAR1A,,
ZNF490,,
RSL24D1,,
THAP2,,
CNN1,,
LILRB4,,
PTPRC,,
LOC100506388,,
DENND5A,,
LOC100507217,,
AQP4,,
OMD,,
TMEM35,,
CTBP1,,
GOT1,,
FBXO6,,
HBS1L,,
AES,,
UBE2L3,,
APOD,,
RAC2,,
WIPF1,,
BPGM,,
POMP,,
LAMTOR3,,
TMEM88,,
RWDD3,,
FCHO2,,
TPRKB,,
ASCC1,,
RBM24,,
RP3-327A19.5,,
EEF1E1,,
TOX,,
AQR,,
EPB41L3,,
HCK,,
IGLL5,,
SYTL2,,
P2RY14,,
NIPSNAP3A,,
GPI,,
CDH5,,
P2RY8,,
PGAP2,,
USP3-AS1,,
OSBPL11,,
CD160,,
LDLRAD3,,
ERGIC1,,
C3orf70,,
PPP1CA,,
NDUFB11,,
BOD1,,
OSBPL8,,
PDLIM5,,
DNASE1L3,,
PPP1R12B,,
FDX1,,
RSAD2,,
FAM126B,,
ACTR6,,
ZNF506,,
SS18,,
G3BP2,,
QTRT1,,
C19orf70,,
CASP1,,
DPY30,,
CENPH,,
FBLN1,,
GSTM5,,
RNF19B,,
KLRB1,,
HAAO,,
NDUFB7,,
COX7A2,,
PLS3,,
ABHD3,,
ACTR2,,
ARPC1A,,
ZNF208,,
LDHB,,
MZT1,,
LOC101930405,,
TRRAP,,
TVP23B,,
SLC37A2,,
CRYAB,,
KCTD3,,
RPA2,,
SF3B6,,
SLC16A1,,
RRAGB,,
MSI2,,
ABCA9,,
DNAJC19,,
ATF1,,
C1QA,,
NEDD1,,
SRP9,,
PKIG,,
SUMO4,,
TPI1,,
GNLY,,
PRKAG1,,
ARHGDIB,,
KIAA1324,,
GPR137B,,
INPP4B,,
LRRK2,,
ODF2,,
SNX5,,
HNRNPU,,
UTS2,,
PPP1R2,,
UQCR11,,
IFI44L,,
DUSP10,,
COX11,,
YWHAQ,,
ANP32A,,
SMAP1,,
VLDLR,,
BMS1P20,,
TMEM14C,,
WDFY3,,
OAS2,,
GAMT,,
RAB8B,,
MRPL2,,
TM9SF3,,
NDUFV2,,
TMCO3,,
OGDH,,
ZNF675,,
YBX3,,
ZNF736,,
ELMO1,,
HSBP1,,
LOC100505592,,
MRPS10,,
EIF4E,,
FBXL5,,
MCOLN1,,
CD69,,
LINC00888,,
TMEM258,,
PHF5A,,
WIBG,,
HIBADH,,
GTF2IRD2B,,
LMOD2,,
IGLL1,,
POLR2K,,
COG6,,
FUBP3,,
SNAPIN,,
LOC100288798,,
RALB,,
LYPLA1,,
MKKS,,
CRISPLD1,,
LOC100996694,,
ATRN,,
VIM,,
TINAGL1,,
GBAS,,
C1orf105,,
MRPS18C,,
KCNAB1,,
SLAIN2,,
CPNE1,,
ITGA8,,
ASB16-AS1,,
NTAN1,,
CENPQ,,
GSN,,
CCNC,,
DNM3OS,,
TOR1A,,
PUS10,,
ILKAP,,
TSC22D3,,
UBE2Q2,,
COL1A2,,
TRIM16,,
HIATL2,,
SELM,,
KRT16,,
SCFD1,,
EPB41L2,,
CRADD,,
LINC01140,,
C1QTNF2,,
SERPINH1,,
KYNU,,
LSMEM2,,
LRMP,,
EPS15,,
PLSCR1,,
EID1,,
FOLR2,,
SET,,
PIGT,,
DNAAF2,,
SMIM10,,
COL6A3,,
SPI1,,
ZCCHC9,,
IGLJ3,,
ELTD1,,
FAM149B1,,
M6PR,,
NHLRC2,,
GOLPH3,,
PSIP1,,
ARL6IP1,,
LMOD3,,
SNX2,,
GABPA,,
TMEFF2,,
ST3GAL6,,
PTPLAD2,,
RBM22,,
MYNN,,
COMMD10,,
PPM1A,,
PSMD5,,
LGALS3,,
PTGR2,,
FYTTD1,,
FAM195A,,
ZNF366,,
RUNX2,,
NUP54,,
FXN,,
ALKBH7,,
MPV17,,
SIVA1,,
KIAA1033,,
MYCT1,,
DEF6,,
BCL2L13,,
RHOB,,
IRF8,,
CCNG2,,
FUBP1,,
PPP1R16A,,
TNFRSF4,,
CRLF3,,
CDC26,,
JAG2,,
TRMT13,,
GPX4,,
GYPC,,
RPA3,,
NFE2L2,,
SAP18,,
ZNF644,,
PHB,,
THAP9,,
STMN2,,
LPXN,,
NDUFV1,,
PKP2,,
GATSL3,,
USMG5,,
CUL4B,,
TEAD2,,
USP46,,
PLEK,,
HCG11,,
SLC35G1,,
EHD4,,
TBXAS1,,
CCDC88C,,
FLRT3,,
ARCN1,,
EIF2S3,,
LRRC39,,
TIMM50,,
CA4,,
IRF2,,
TMEM57,,
GLUD1,,
SPIN1,,
PDCD1LG2,,
PLEKHF2,,
SYK,,
NRBP1,,
DOCK8,,
UBE2D3,,
U2AF1,,
HSD17B11,,
MCF2,,
PTMA,,
TBC1D23,,
FAM49B,,
RGS5,,
ISG15,,
CLDND1,,
FPGT,,
IAH1,,
MRPS7,,
TLR4,,
KCNQ4,,
FCGR2B,,
RAP2A,,
LOC101929112,,
MB,,
SGIP1,,
CNIH4,,
KIAA1324L,,
ALDH1L2,,
ST8SIA4,,
PLAC8,,
ATP8B1,,
NCEH1,,
RPA3OS,,
SLFN5,,
CLECL1,,
STK17B,,
PIK3R3,,
SEC61G,,
PREX1,,
AKAP7,,
TNNT3,,
NSMCE4A,,
ABCC9,,
ARRB2,,
ZNF608,,
NFYB,,
LOC100505874,,
BCKDHB,,
HLA-DQB1,,
GTF2H4,,
FMNL2,,
TMEM50A,,
GNG12,,
LOH12CR1,,
ZFAND1,,
GMFG,,
RCBTB1,,
RP4-560B9.4,,
RP4-595K12.1,,
NR2F2,,
SSUH2,,
SLC40A1,,
GUCY1A2,,
DYNC1I2,,
ARPC2,,
METTL6,,
KIAA1462,,
DDX1,,
NDUFA5,,
CTSK,,
MED30,,
GPR82,,
MAFB,,
FIS1,,
FBLN5,,
HLA-DMB,,
SSR1,,
SUGCT,,
CD28,,
HINT3,,
ANG,,
MX2,,
HAX1,,
DNAJB14,,
MDK,,
PLA2G7,,
DIO2,,
FBXO8,,
SPATA1,,
CD46,,
NDUFS3,,
ST13,,
ZNF253,,
GIMAP4,,
RP11-399E6.1,,
TMEM171,,
AK3,,
VPS13C,,
CDC73,,
TMBIM6,,
PLD4,,
CWF19L1,,
SNRPD2,,
DIAPH3-AS1,,
DNAH6,,
SBF2,,
TTC13,,
CASP8AP2,,
KLHL10,,
IGF2R,,
GGTA1P,,
ABCE1,,
NFU1,,
NOP10,,
HOXA7,,
SFRP4,,
TPO,,
LNX1,,
LRRC2,,
TGFB1,,
PRPF39,,
TMCC3,,
BROX,,
RANBP1,,
FPR1,,
NCF4,,
ORC4,,
SH3BP5L,,
ALS2CR12,,
LOC374443,,
TMEM119,,
HCFC2,,
TXNIP,,
LSM5,,
ESD,,
RPS14,,
FCAR,,
CYB5R4,,
C4orf32,,
CDC42EP3,,
HNRNPK,,
YIPF4,,
MORC3,,
GRHL1,,
CALCRL,,
CD2,,
LIMCH1,,
CTSW,,
TRIQK,,
GDI2,,
CTD-3080P12.3,,
EFCAB2,,
LOC100505938,,
NDUFB6,,
GLRX3,,
ELK4,,
NT5DC4,,
ABO,,
RIT1,,
CDK2AP1,,
CD9,,
NPY6R,,
PLEKHA3,,
PGGT1B,,
GABARAPL2,,
THBS4,,
MEOX2,,
TNRC18,,
UBE2Q2L,,
IFIT5,,
CD52,,
GAB2,,
TANK,,
MED6,,
GHITM,,
SH3RF2,,
SYNPR,,
CNTF,,
CD3D,,
HIST1H2AJ,,
LSM3,,
PPP6R2,,
KLRD1,,
APOLD1,,
OSER1-AS1,,
GAP43,,
SAV1,,
TRIB2,,
SLC29A1,,
CNOT8,,
KDELC1,,
RABGGTB,,
PQBP1,,
TBX1,,
CDC14A,,
CKLF,,
PDGFA,,
CREM,,
COL17A1,,
LIX1L,,
PTS,,
IL1R2,,
SGCE,,
ROMO1,,
UBE2D1,,
CKMT2,,
ZNF41,,
IGFBP3,,
PCBP2,,
PPP1R3A,,
TOLLIP,,
PDK4,,
KAT8,,
IFNGR1,,
IGF1,,
ARIH1,,
EWSR1,,
ARMCX1,,
MTA1,,
FAM13C,,
XCL1,,
SLC22A15,,
LOC101928323,,
EEF1A1,,
PIBF1,,
TNC,,
C1QB,,
RRAGD,,
CASP10,,
DBP,,
ITGB2,,
MYLK,,
LYRM5,,
ZNHIT1,,
GPR65,,
HLA-DQB2,,
MTFR1L,,
MFAP4,,
HIST1H3G,,
SLC25A4,,
ANAPC10,,
LYST,,
C8orf59,,
LYSMD3,,
COPZ1,,
C1orf85,,
AMICA1,,
RAP1B,,
CENPA,,
DANCR,,
KDELR2,,
CTDSPL2,,
C1D,,
MPZL2,,
PRIM2,,
TPM4,,
ARID4A,,
TSC22D1,,
NEDD8,,
ABCB7,,
SLC16A9,,
C4orf33,,
PGAM2,,
RPL39L,,
OTOP2,,
H1FX,,
ASB8,,
DRAM2,,
TRAPPC13,,
C11orf58,,
CHCHD2,,
FBXW5,,
C5orf17,,
KLF6,,
PLEKHO1,,
ZNF425,,
NR5A2,,
KLRG1,,
CPED1,,
MRPS12,,
DOCK2,,
SCUBE2,,
LOC101928031,,
FMO3,,
BTBD2,,
ARHGAP17,,
ZAK,,
SEPT7P9,,
C1QBP,,
TOMM5,,
SLC2A4,,
CCDC23,,
NEURL1B,,
COQ2,,
GRIA1,,
CBFB,,
IFT20,,
SCN4B,,
LOC100130452,,
ZNRF2,,
CD36,,
ZDHHC13,,
RGS1,,
LOC646214,,
IFI16,,
GSK3B,,
CSTB,,
PHACTR3,,
SLMO2,,
COX7B,,
DZIP3,,
HCCS,,
LAMP3,,
SLC9A3R2,,
CCDC3,,
EBF3,,
PTPN22,,
SLC25A5,,
ICK,,
RPS27A,,
MLLT3,,
MAP3K1,,
NDUFAF3,,
CAPNS1,,
PAPD4,,
NOV,,
CREG1,,
POLR2J,,
HAVCR2,,
LOC100132891,,
LCP2,,
TRAC,,
WISP2,,
TRMT5,,
MZB1,,
HPDL,,
MUM1L1,,
VILL,,
GUK1,,
SYTL1,,
CKS1B,,
HADHA,,
RSBN1,,
AOAH,,
ITK,,
APOE,,
ZMYM1,,
RPS9,,
UBA2,,
APOO,,
MALL,,
RNF41,,
RYR1,,
CASD1,,
PNN,,
DYRK4,,
RP11-111M22.3,,
HIATL1,,
CPEB2,,
SLC25A40,,
GK3P,,
ZBTB46-AS1,,
HLA-DMA,,
IGSF21,,
CDKN2D,,
TOPORS,,
ECHS1,,
MAPRE2,,
SLC38A1,,
CASP12,,
TMEM106C,,
COPE,,
HLA-B,,
IKZF1,,
BLZF1,,
HNRNPF,,
UQCRC1,,
RER1,,
SCARF1,,
RMDN1,,
NRIP2,,
SRSF3,,
FOXS1,,
UQCRQ,,
PTGES3,,
CDC37L1,,
BACH1,,
LINC00493,,
RBMS2,,
RPS27L,,
MARCKSL1,,
GLTSCR1L,,
AL928742.12,,
ZNF461,,
PITPNM2,,
NDUFA11,,
PREP,,
PTCD3,,
ABHD17A,,
CALM1,,
PCNXL3,,
RERGL,,
SMIM15,,
BTNL9,,
CTSS,,
TMA16,,
ACE,,
TRAT1,,
DYNLT3,,
LOC158402,,
SIDT1,,
SNAP29,,
PRF1,,
BCL11B,,
ATP5E,,
PLEKHA2,,
CCDC141,,
DSTNP2,,
HNMT,,
SHOC2,,
NDUFB1,,
SNX18,,
TSSK1B,,
LINC00963,,
PTPMT1,,
C6orf1,,
LITAF,,
TMEM59L,,
NAIP,,
ZMYND11,,
APOA2,,
PLAA,,
MRPL1,,
ZDHHC4,,
EBLN3,,
FCGR1B,,
MAST1,,
CHCHD7,,
C19orf45,,
DR1,,
NT5C3B,,
POLD2,,
ARV1,,
SNX15,,
TRAM1,,
SRP72,,
NDUFB5,,
ID3,,
QKI,,
PDE6D,,
MAN1A1,,
B2M,,
ARHGAP12,,
SNRPG,,
SP140L,,
ARMC10,,
ANXA2R,,
C12orf65,,
CLINT1,,
NCF1,,
SYNCRIP,,
RNF213,,
PRKAA1,,
LOC642236,,
NPL,,
ACADM,,
NR1H2,,
DNAJC15,,
TLR1,,
TOR3A,,
TTYH1,,
LRP2BP,,
ZMAT5,,
CCDC91,,
API5,,
RXRG,,
FTO,,
OCIAD1,,
SORBS1,,
ARG1,,
SRSF10,,
DCN,,
PRKCE,,
TRBC1,,
NAV2-AS2,,
KLHL5,,
MOB1B,,
SIGLEC16,,
ZNF518A,,
SCT,,
FAM188A,,
ZNF280B,,
SLC25A46,,
TMEM263,,
ZNF532,,
NDUFB2,,
FAM13A,,
CCL19,,
MAL2,,
ANKRD40,,
LINC00982,,
USE1,,
TPP2,,
VPS29,,
MLF1,,
GGPS1,,
P2RX4,,
LOC101928844,,
RP11-61L19.3,,
EMR2,,
TCAP,,
TCEB1,,
ALKBH3-AS1,,
USP8,,
NNT,,
CTHRC1,,
TSPO,,
PCID2,,
ADAP1,,
LOC100505978,,
BOLA3-AS1,,
MIR133A1HG,,
RPS27,,
PPP2R5C,,
HAR1A,,
C12orf4,,
CECR1,,
ZMPSTE24,,
BBIP1,,
MTHFD2L,,
PRDM12,,
PRMT2,,
KIAA1524,,
CLIC2,,
RPAP3,,
ABRA,,
RBP7,,
HMOX2,,
ALKBH8,,
CDC14B,,
CD27,,
RAB14,,
GGT5,,
OSTC,,
POTEKP,,
AGT,,
VAV1,,
HSPB1,,
CLEC4E,,
DAD1,,
RAB9B,,
BBS5,,
PYCARD,,
CMC2,,
RBBP5,,
BECN1,,
MRPL38,,
NHS,,
GZMK,,
ARL2BP,,
SUPT4H1,,
CASS4,,
LOC101927609,,
CTB-50L17.7,,
KCTD18,,
CRBN,,
NPTN-IT1,,
RPS21,,
SRPX,,
EVA1B,,
MAPRE1,,
TTC32,,
ACTL7B,,
PRCC,,
HEATR5B,,
GFM2,,
SLC25A33,,
NLRP13,,
C11orf73,,
FRMD3,,
PARM1,,
LIPA,,
ABCC4,,
IL7R,,
CCDC117,,
GADD45GIP1,,
IGDCC4,,
LRP12,,
BLVRB,,
KDM3B,,
ZNF891,,
GPR20,,
GIMAP1,,
POLB,,
EEA1,,
EPHX1,,
RP11-65D24.2,,
C3AR1,,
GJA1,,
HOXD4,,
PPP1R14A,,
SCP2,,
RPS5,,
PARVG,,
TMEM65,,
DFFB,,
ZNF22,,
TCEAL8,,
SRPK2,,
NIFK,,
TMEM30B,,
ZNF626,,
PPP2R1A,,
RAP1A,,
PNPLA4,,
ZDBF2,,
ATP8B3,,
UFD1L,,
TMEM243,,
RAPGEF4,,
GNG10,,
KCNK13,,
CLIP4,,
UNC5B-AS1,,
MTURN,,
LINC00998,,
FRMD4B,,
KCTD9,,
HNRNPM,,
NFYA,,
AC007787.2,,
CUL4A,,
MIB1,,
GLIPR2,,
BEX2,,
RAPGEF6,,
CAV2,,
CAV1,,
UAP1L1,,
C4orf29,,
ARL1,,
SLC25A32,,
RP11-214K3.19,,
EEFSEC,,
LYPLAL1,,
ARHGAP27,,
C5orf28,,
CWC15,,
SLC15A3,,
SLC20A2,,
KLRF1,,
PHTF2,,
SPERT,,
ITM2B,,
TMEM150B,,
CST7,,
TMEM200A,,
NLRP14,,
C2CD5,,
RP11-410L14.2,,
LOC100509303,,
MILR1,,
RNF138,,
FGD5-AS1,,
TRAPPC11,,
OSR2,,
MYOT,,
SNX20,,
WDR70,,
RIOK2,,
FAR2,,
LOC494150,,
NDUFAF4,,
NPW,,
CPNE2,,
DAPP1,,
PCGF1,,
C16orf13,,
MRPL19,,
RBP3,,
B3GNT2,,
PTGES,,
ABCC5,,
CST9,,
CCDC25,,
OXCT1,,
RPL35,,
DBR1,,
DDX50,,
PDCD6,,
BCRP3,,
ETS1,,
FKBP7,,
C9orf41,,
MNS1,,
UCHL5,,
ZBED3-AS1,,
CCDC121,,
G2E3,,
CFL2,,
TSPAN15,,
IVD,,
CRIP3,,
GTF2H5,,
CD1D,,
SPOPL,,
RSU1,,
ZNF195,,
GEM,,
NMU,,
DACT3,,
NONO,,
COL6A2,,
TPMT,,
FDCSP,,
NCKAP1,,
PCDHB15,,
CHRDL2,,
ICAM3,,
SMYD2,,
SLC35D1,,
CYC1,,
ERH,,
DNAJC14,,
ATP6V0D1,,
FAM120AOS,,
C12orf29,,
C5orf51,,
MPPED2,,
DPM1,,
WDR48,,
R3HDM2,,
ZBTB1,,
PGAM1,,
SPON1,,
CCAR2,,
CSF3R,,
TREM1,,
GPX8,,
METTL10,,
RP11-1151B14.3,,
LY86,,
CREB1,,
TTLL1,,
CSDE1,,
MPLKIP,,
LOC101928457,,
MIER3,,
TMEM123,,
NUPL2,,
GART,,
VWF,,
TCEA1,,
MICALCL,,
ZNF415,,
FPR2,,
NIPSNAP3B,,
CCL13,,
ETFB,,
XG,,
NUS1P3,,
PLSCR4,,
CLDN5,,
MAGEB3,,
TMX1,,
ACYP1,,
MAP1LC3B,,
BOD1L1,,
MBNL2,,
ZNF780A,,
SNRPF,,
HSPA4L,,
CD53,,
PRICKLE3,,
LARP4B,,
RBM7,,
LOC100133669,,
ANXA5,,
HOXC10,,
BTN3A2,,
CKM,,
KCNC2,,
C11orf70,,
MIR1244-3,,
ARHGAP9,,
CLASP2,,
OSGEPL1,,
CD44,,
CD1C,,
PDLIM3,,
SPRTN,,
ANGPT2,,
AHSG,,
TTC33,,
GTF3C2-AS1,,
LRR1,,
ARPIN,,
ADD3,,
UCHL3,,
GALK2,,
ZBTB8OS,,
GBP1,,
LOC101929084,,
TPD52L2,,
PTGER4,,
CSK,,
MYOM2,,
MRPL50,,
YME1L1,,
PALM3,,
RPL6,,
RHOA,,
METRNL,,
DES,,
KCNV1,,
ANKUB1,,
LAMTOR4,,
NDUFS7,,
C11orf71,,
RAMP2,,
SLIRP,,
SMAP2,,
LRP2,,
PBLD,,
USP25,,
VEZF1,,
SLC14A1,,
HSPB11,,
STX7,,
ZNF43,,
ABHD16B,,
POLR1A,,
CHCHD1,,
ITIH1,,
GALNT2,,
MAPK6,,
GSTK1,,
PDS5B,,
FAM132A,,
BVES-AS1,,
PRKRIR,,
LSM14A,,
SKA2,,
USO1,,
ST7L,,
CYP20A1,,
CCDC146,,
DAZAP2,,
COMMD8,,
CTDNEP1,,
FAM126A,,
NXT2,,
AKAP11,,
SLC25A51,,
RARB,,
LOC101928635,,
DSCR8,,
PDIA3,,
SPG20,,
PSMC6,,
LOC730102,,
44621,,
PJA2,,
FCN3,,
C15orf40,,
CEP85,,
STS,,
IL17F,,
ZNF610,,
RP4-794H19.1,,
HR,,
MRPL47,,
OSBP,,
KLHL12,,
SOCS2,,
GPX1,,
CCDC115,,
C6orf118,,
NMRK1,,
PPID,,
CTSC,,
DDX19A,,
WEE1,,
CEP85L,,
GATAD2A,,
FAM114A2,,
FREM1,,
PPP1R9B,,
MRPL18,,
NMUR1,,
CDK2,,
GOSR2,,
LIPT1,,
PACRGL,,
FAM92A1,,
BTLA,,
C6orf48,,
MOSPD1,,
ARID3A,,
NR1H4,,
PUM1,,
LOC100506274,,
SNRPD3,,
BPHL,,
LUM,,
HEY2,,
COLQ,,
TMEM135,,
ST18,,
ZXDA,,
TBC1D15,,
IL18RAP,,
GUSBP11,,
TRAF3IP3,,
ITIH3,,
RAB18,,
TMEM254,,
LHX6,,
PABPC5,,
IRF9,,
BCCIP,,
CD2AP,,
HNF1A,,
CCDC102B,,
BBX,,
SCGB1A1,,
MSRB3,,
CNOT7,,
LIN7C,,
IGFLR1,,
RP11-998D10.7,,
PSMD10,,
TSN,,
LOC286052,,
FBXW7,,
FUCA2,,
C15orf61,,
SLC22A9,,
UBXN4,,
C14orf2,,
OAF,,
RPP30,,
SEC11A,,
SELK,,
C12orf57,,
GLCCI1,,
SPATC1L,,
ACBD5,,
WRB,,
LINC00470,,
PIGP,,
BHLHE22,,
CSNK2B,,
LGMN,,
TMEM160,,
S100A1,,
MOB4,,
UNC93B1,,
SLC37A1,,
ST8SIA1,,
C1QTNF4,,
JRKL,,
GFRA3,,
SEMA6A,,
FEM1A,,
DENR,,
RNFT1,,
MAN2A1,,
CCDC28A,,
LRRC40,,
ZNF528,,
DLGAP1-AS1,,
NR1D2,,
SDC1,,
NDUFA4,,
APC,,
TLR7,,
CFDP1,,
ITGB8,,
CSF1R,,
BREA2,,
BCL7C,,
ZNF883,,
TPPP3,,
RAPGEF1,,
P2RY10,,
MPRIP,,
NMT2,,
PRKAR1A,,
CTCF,,
FAM207A,,
ACTR3,,
PRKAG2,,
LOC100131763,,
SEC24D,,
MPZL1,,
C15orf62,,
MBD4,,
SUCLG2,,
RAC1,,
AKT3,,
NPY5R,,
SLC9A6,,
ARL6IP6,,
C6orf62,,
GNG2,,
RAB5C,,
ELAVL1,,
LOC101929147,,
IGFBP6,,
CPSF2,,
GPR97,,
CTNNA3,,
SRFBP1,,
CDK4,,
AIG1,,
C4orf46,,
CMTM1,,
PKIA,,
MGAT2,,
PIGX,,
RPL37A,,
FLT1,,
YWHAZ,,
COA1,,
ATP6V1G1,,
PDCL,,
PRDX5,,
RSL1D1,,
LYVE1,,
EDIL3,,
C1orf86,,
GLYR1,,
DHTKD1,,
GANAB,,
OXA1L,,
CHORDC1,,
CALU,,
DPEP2,,
FNBP1L,,
EXOSC2,,
TMEM60,,
OASL,,
MYOZ1,,
LOC100133130,,
UTRN,,
TSPAN14,,
SOCS6,,
TFDP1,,
CD58,,
LAT2,,
C6orf211,,
MPDZ,,
SMEK1,,
ANXA4,,
SCRN3,,
ANO5,,
POU3F3,,
ALPL,,
DDX3X,,
SPCS3,,
DNAJC13,,
TCOF1,,
SUN1,,
TYW3,,
PFKFB2,,
LINC00672,,
SIGIRR,,
PCBD1,,
DOK3,,
BCL2L12,,
PPP1R12C,,
SLC22A11,,
LOC100240728,,
DTWD1,,
URI1,,
OSR1,,
OSTM1,,
PPP6C,,
CD200R1,,
FAM110C,,
RGS9,,
PALMD,,
JMJD1C,,
LOC100129175,,
CD247,,
LSP1,,
DNAJA4,,
U2SURP,,
TRAM2,,
ACRBP,,
C12orf61,,
ZC3H18,,
STAP1,,
PIAS2,,
TBC1D4,,
SNAP25,,
SMAD2,,
MSANTD1,,
MAP4K4,,
ITGA4,,
LINC01169,,
BZW1,,
TPRA1,,
STRN,,
STK25,,
PRADC1,,
CDC37,,
CXCL17,,
MOB1A,,
DRG2,,
CCDC92,,
GPS2,,
APOPT1,,
STX10,,
TMEM14A,,
REPS2,,
44622,,
PI16,,
MYL6,,
PLGRKT,,
FAM221B,,
GSKIP,,
ARHGAP35,,
DUS4L,,
WDR44,,
AADAC,,
INPP5A,,
ATG3,,
LMCD1,,
VGLL2,,
RPL31,,
NDUFB4,,
ELP5,,
TRIM65,,
NSA2,,
TGFB3,,
ZNHIT6,,
AEBP1,,
FZD6,,
ISLR2,,
VMO1,,
MRPS16,,
C21orf91-OT1,,
LOC101926907,,
YY1,,
SESN3,,
FAM96A,,
CDRT15,,
DLAT,,
PRPF18,,
AKT1,,
CSNK1G3,,
TTC5,,
BNC1,,
LSM1,,
44808,,
ZNF566,,
CRTAP,,
PPIL4,,
RILP,,
ELOVL4,,
OGN,,
FAM105A,,
NOS2,,
MCM3,,
TBK1,,
UGP2,,
PSMB10,,
MAS1L,,
DDIT4,,
PDCD11,,
RGL4,,
CHRM2,,
RGS19,,
ATG5,,
RNF165,,
TMEM130,,
HMGN1,,
AKAP8L,,
ERO1L,,
EAF2,,
GLIPR1,,
MDM2,,
LOC100131170,,
RAD51D,,
LRCH1,,
RHOC,,
HNRNPA1,,
ATPAF2,,
RB1CC1,,
PGD,,
RASGEF1C,,
SLA,,
GSTM2,,
CXCR1,,
TESK2,,
LAIR1,,
C16orf87,,
LMAN1,,
ATP6V0A2,,
RAB21,,
SLMAP,,
UROS,,
HIAT1,,
CDKN1B,,
C20orf26,,
CAPN7,,
CACNA1S,,
ZMYM6,,
PTPRCAP,,
SORBS2,,
SNAI3,,
UBE2E2,,
SMNDC1,,
WDR62,,
PTBP2,,
CDK5,,
HDAC2,,
OSGIN2,,
COPS7A,,
XRN2,,
LTC4S,,
SDHD,,
C5AR1,,
SPX,,
C16orf45,,
ARHGEF6,,
TATDN3,,
UST,,
CCR3,,
MLIP,,
SELPLG,,
ARL2,,
NBPF4,,
PRIMPOL,,
CD97,,
INIP,,
ADAM23,,
RB1,,
CHCHD3,,
GSTM1,,
STAG2,,
TMEM248,,
NAGK,,
EMILIN1,,
HMGN2,,
LOC101928054,,
LOC100132167,,
CCNG1,,
ZNF217,,
MEOX1,,
CNTFR,,
ARMCX3,,
RNF14,,
WDR16,,
ZNF706,,
KDELR3,,
SLC50A1,,
SUPT16H,,
AKAP10,,
RP11-355B11.2,,
MKLN1,,
SNX10,,
ANKRD13C,,
MORF4L2,,
CRYGC,,
HSP90AB1,,
ECHDC1,,
NSL1,,
MCM4,,
NOTCH3,,
AKTIP,,
PTPN6,,
BOLA3,,
PIN1,,
ZHX1,,
JAZF1,,
CEP89,,
MALT1,,
CXCL9,,
ACP5,,
SLC6A7,,
REG1A,,
POGZ,,
GFRA2,,
SIKE1,,
PKP4,,
MYL9,,
FGL2,,
MAMDC2,,
LMBRD2,,
ARHGAP30,,
SDHC,,
AGK,,
SFR1,,
LRRC17,,
MRPS18A,,
ASUN,,
FAM168A,,
MIF,,
RNF141,,
L3MBTL1,,
NDUFA9,,
FLJ31945,,
RP11-473I1.9,,
HOXB7,,
ABCG1,,
EXOC3L4,,
IMMT,,
RP3-406P24.1,,
FAM90A1,,
VDAC3,,
CMC1,,
C2orf76,,
SAMD10,,
SMOC2,,
TBX21,,
YIF1B,,
NR2C1,,
PDCD10,,
XPOT,,
GOLGA5,,
MTRF1,,
RELN,,
NDUFB8,,
CCK,,
LSM6,,
RP11-6I2.3,,
PAWR,,
RPS24,,
RASA2,,
SRSF1,,
NCBP1,,
ODF3B,,
MMP2,,
CEPT1,,
NELFCD,,
ANTXR1,,
TAF15,,
MPZL3,,
PRKACA,,
SAFB2,,
PTAFR,,
HEY1,,
LETMD1,,
SPATA13,,
SDCBP,,
LSM7,,
ADH1B,,
RNF115,,
PRDM1,,
SNX13,,
PIGK,,
TIMM22,,
TTC39B,,
SNX16,,
GLIS3,,
CTGF,,
CTDP1,,
MOCS2,,
LINC00189,,
GPR171,,
KIAA1107,,
TBCC,,
PRTFDC1,,
CIB1,,
PRKD3,,
PDGFRB,,
NLGN4X,,
NPTN,,
RNF6,,
KCNE4,,
AK1,,
FNBP4,,
HCAR1,,
RBM15B,,
UBTD2,,
ITGAL,,
RBM25,,
PROKR2,,
MXRA8,,
ITM2C,,
ZBTB38,,
SSNA1,,
CNEP1R1,,
GBE1,,
HDAC8,,
MRPL15,,
UPF2,,
TPGS1,,
CNN2,,
SPIN3,,
NFASC,,
KRT3,,
SGCA,,
COQ9,,
NOL11,,
NDUFV3,,
HELZ,,
EFCAB7,,
LINC01134,,
CTBP1-AS2,,
C7orf43,,
MEAF6,,
NCR3,,
ANKH,,
ATP2B4,,
WBSCR22,,
C21orf33,,
PRDX2,,
TMEM69,,
DCT,,
SLC25A20,,
RNPS1,,
PHF21A,,
PLAC9,,
TAX1BP1,,
C10orf11,,
SCYL2,,
STRN3,,
CYB5R2,,
RP11-75C9.1,,
FCGBP,,
SPRED1,,
LOC101929450,,
ATP8B2,,
NOC2L,,
ROCK1,,
SMC2,,
CAPN6,,
COX6A1,,
CCT7,,
MLF2,,
CASP5,,
COX6A2,,
TNFSF13B,,
PXN-AS1,,
TFAM,,
GCNT1,,
LOC100507513,,
KCNS3,,
GALNT1,,
SMIM4,,
ZBTB32,,
TTF2,,
NKAIN4,,
DEPDC7,,
PRKCD,,
RP11-999E24.3,,
LOC101928409,,
SYPL1,,
ZNF808,,
SLAMF7,,
MED7,,
TMEM237,,
PIEZO1,,
CMPK1,,
COPZ2,,
TNNT2,,
OXR1,,
CLEC4C,,
FABP5,,
SUMO3,,
FBXO5,,
DLL1,,
SRP14,,
IER3IP1,,
LOC100287221,,
EIF3A,,
CRYL1,,
SYCE1,,
LPCAT3,,
CNBP,,
MBOAT2,,
TUBB2A,,
CDKN2C,,
LIG1,,
NEK10,,
RQCD1,,
SOCS2-AS1,,
TNNI3,,
RP11-114H24.6,,
GVINP1,,
ZNF627,,
IL22,,
ZNF423,,
HUS1B,,
SSTR4,,
TIMM8B,,
ANGPTL6,,
ZNF652,,
MGC12916,,
LAMP5,,
TFAP2B,,
UBFD1,,
AX748273,,
C6orf203,,
FNTA,,
CCDC65,,
ANKDD1A,,
TMSB4X,,
DNLZ,,
PFDN2,,
B4GALNT4,,
IFT52,,
ARL8A,,
EXOC6,,
LOXL1,,
PIK3R1,,
LILRB2,,
C1orf116,,
ZNF25,,
HDAC5,,
RP11-471G13.5,,
LRP6,,
CTSV,,
CMTR2,,
PRAMEF12,,
UGT3A1,,
TMEM126A,,
MRPL36,,
FAU,,
RAB12,,
LINC01082,,
DTD1,,
WDFY1,,
AGBL5,,
LINC00263,,
TGFBR2,,
UBE2N,,
ABCB11,,
NFE2,,
LOC220077,,
ARHGAP20,,
SYNE2,,
FUCA1,,
FGD3,,
PI3,,
FOXC2,,
MRPS31,,
MCU,,
BTBD10,,
FAM117A,,
CERCAM,,
SRSF5,,
SLC25A11,,
NMD3,,
GZMH,,
HIST1H2BJ,,
C12orf76,,
FAM98B,,
HMG20B,,
MCEE,,
BAHCC1,,
TGIF2,,
ZMYND10,,
KAZALD1,,
RP11-382B18.4,,
NRARP,,
TANGO2,,
PSMC4,,
DUSP3,,
MYZAP,,
DCPS,,
AKT1S1,,
TMEM8A,,
STBD1,,
SGMS1,,
UTF1,,
LOC100129034,,
PPP1R16B,,
GZMB,,
ZFP36L2,,
CCL11,,
FOLR3,,
TMEM126B,,
IPCEF1,,
TMCO1,,
SERPINF1,,
COMMD5,,
TRDMT1,,
PGLS,,
ACTR1B,,
PIK3CG,,
NEK2,,
GPSM3,,
COL13A1,,
RWDD1,,
HES4,,
ADNP2,,
CRABP1,,
RP11-164P12.3,,
GYG1,,
FAM118A,,
TCL1A,,
ENDOG,,
TMEM64,,
PTGR1,,
EIF3G,,
CXADR,,
PRPF38A,,
CHRNG,,
SOS2,,
PDCD2,,
MRPL39,,
WDSUB1,,
NCL,,
BSND,,
IL2RG,,
MDH1,,
RTF1,,
PDP1,,
DACT1,,
KL,,
CHMP1B,,
PAX4,,
TMEM170B,,
VWA3B,,
TMEM19,,
TRAK2,,
FASTKD1,,
ZNF585A,,
CRYZL1,,
GAST,,
PHPT1,,
UBE2W,,
WDR45B,,
PCMT1,,
AKR1B1,,
MAP4K3,,
IRGC,,
TARSL2,,
MYO1F,,
UBL5,,
RP11-448A19.1,,
OR51E1,,
MED4,,
CDC27,,
44815,,
SLC10A7,,
ZCCHC17,,
FAR1,,
IRF2BP2,,
KCTD12,,
C17orf50,,
EGR1,,
AGO4,,
CETN3,,
PPP5C,,
TOMM20,,
GTF3C3,,
GNPAT,,
ANO4,,
APOBEC2,,
TXNDC12,,
NPAT,,
ACTL6A,,
DERA,,
RPL35A,,
CSNK2A1,,
TIMM21,,
MBIP,,
SLC30A5,,
CRAT,,
SKP1,,
BAZ1B,,
UBC,,
APPL2,,
NDUFA3,,
SERPINA5,,
LOC102723845,,
FAM76B,,
NDUFB9,,
SUPT20H,,
DDX43,,
PABPC4L,,
NCLN,,
PRM2,,
ISY1,,
LOC101928731,,
ANKRD44,,
LRRC6,,
LOC100652999,,
LRRC14,,
SNAPC3,,
GPR173,,
PRDX4,,
PLCXD3,,
PTK2,,
TPRG1,,
NKAPP1,,
STMN1,,
TNKS2,,
TNFRSF10C,,
TMEM59,,
MYO1B,,
PKN2,,
PTPN4,,
TMEM38B,,
GMIP,,
RPL39,,
MOB3A,,
UFSP2,,
PANK3,,
PRR9,,
PCNP,,
PSMG3,,
NCKAP1L,,
CRCP,,
PDCD6IP,,
HMOX1,,
BNIP3L,,
SSR4,,
RBM19,,
MAPKAPK5,,
PDE8A,,
COPS7B,,
PI4KA,,
CAMK2N1,,
YIPF5,,
KLHDC1,,
CCDC109B,,
MED10,,
CPA5,,
UBE4B,,
ISG20,,
WDR76,,
NTRK3-AS1,,
IK,,
COQ10B,,
TBCA,,
HHATL,,
TMEM255A,,
TBCCD1,,
PCBD2,,
IP6K2,,
TMEM121,,
POLR2I,,
DLGAP1,,
EPSTI1,,
VPS45,,
LOC101929759,,
MED17,,
COX4I2,,
COL8A2,,
MYLK4,,
JAK3,,
SLC18A2,,
CST1,,
MSX1,,
HILS1,,
TLR10,,
GIN1,,
CTC-550B14.7,,
NBN,,
TCEAL2,,
NDUFAB1,,
SERTAD4,,
UBASH3A,,
LAPTM5,,
GPBP1L1,,
SSBP2,,
APBB2,,
RCSD1,,
PIP4K2A,,
PPIP5K2,,
TARS,,
TLX1,,
CAMK2D,,
LOC100288893,,
STGC3,,
LOC100996246,,
ALDH1B1,,
UBE2J1,,
C2orf57,,
GABPB1,,
PIGA,,
GAPVD1,,
MYADML2,,
POMGNT1,,
HSF1,,
FSD2,,
CTSB,,
FFAR2,,
RANBP3L,,
IDH3G,,
CAPN11,,
RAP2B,,
LARS,,
GSTTP1,,
CDC42,,
OGFRL1,,
TMEM216,,
ALAS1,,
GS1-124K5.9,,
GSTZ1,,
ANKRD29,,
DUSP6,,
ARMC1,,
COMMD3,,
L3HYPDH,,
COLGALT2,,
C1orf106,,
AMZ2,,
CYGB,,
RRM1,,
ATF2,,
PRKAA2,,
TREM2,,
PKDCC,,
THBS2,,
RHEB,,
FILIP1L,,
SCAND1,,
ZNF501,,
PHF7,,
FBXO25,,
FOS,,
PARP3,,
OSER1,,
POLE3,,
ALG1,,
RP13-1032I1.7,,
METTL9,,
ECI2,,
NT5C,,
CCDC82,,
CD300LF,,
DPY19L2P3,,
CXCR5,,
CD79A,,
LTB,,
SPATC1,,
PDSS1,,
FAM91A1,,
RIMKLB,,
LOC283177,,
FAM43A,,
ZDHHC3,,
EIF5A,,
C10orf71-AS1,,
KBTBD4,,
SYNJ2,,
TOPORS-AS1,,
ODF2L,,
PIM2,,
RPS18,,
ST3GAL4,,
RAB2B,,
BMPR1B,,
EDN3,,
IL23A,,
SMC5-AS1,,
AKAP12,,
CHKA,,
CPVL,,
LOC102725454,,
FBXO11,,
STRADB,,
BTN3A1,,
ZC3H15,,
CYTIP,,
MCF2L-AS1,,
LPCAT4,,
ZNF385B,,
DDC,,
LRRC3B,,
TEKT5,,
CDKN2AIP,,
NAPRT,,
PROSER2-AS1,,
MAPK8IP1,,
VPS28,,
RAMP3,,
DECR1,,
RP4-575N6.5,,
ARFIP1,,
MSL2,,
COX7C,,
NPBWR1,,
PPP1R18,,
RRN3P1,,
ADA,,
CXCR6,,
ATG16L2,,
MTA3,,
PREPL,,
TREH,,
STON2,,
SLC16A7,,
RNASET2,,
IGF2BP3,,
GBP5,,
KDM1A,,
TUBB6,,
FOXP2,,
LOC101929177,,
NT5E,,
LOC101928963,,
PHF20L1,,
TRMU,,
PROM1,,
TJP3,,
DCUN1D2,,
LOC286083,,
HBQ1,,
HTRA3,,
GDPD1,,
DLK2,,
NAA40,,
GIMAP8,,
CLEC2D,,
CCDC38,,
C18orf8,,
TTC7B,,
C9orf89,,
LOC100147773,,
MMP16,,
TMEM71,,
PCOLCE,,
PNPT1,,
SEC16B,,
GTPBP8,,
FAM174B,,
EHMT1,,
ZNF143,,
ZNF414,,
CAMSAP2,,
THNSL1,,
SPRR1A,,
NAPG,,
ZCCHC6,,
RBFA,,
EHBP1L1,,
VDAC1,,
C16orf80,,
ARL13B,,
RP11-420K14.2,,
NAT16,,
SLC25A12,,
VOPP1,,
FBXO4,,
TSFM,,
AGTR2,,
RECQL,,
THEMIS,,
TNFAIP8,,
SMAGP,,
FUT5,,
SAMM50,,
AK2,,
ELL2,,
KDM6A,,
RDH8,,
RP11-710C12.1,,
VPS72,,
FAM204A,,
SCPEP1,,
PRKRA,,
LSM4,,
LOC100130691,,
CD1E,,
RP11-727F15.11,,
PRPF4B,,
LAPTM4A,,
CCDC85A,,
HLA-E,,
TMEM136,,
CLEC7A,,
PEX11B,,
HIST1H4H,,
GJD3,,
TRAV12-2,,
PTPRM,,
ATP5A1,,
C1orf131,,
KANSL1L,,
PHAX,,
TSG101,,
THG1L,,
ZCCHC5,,
LINC00619,,
SLC8A1,,
RSBN1L,,
OXT,,
RRM2B,,
NRBF2,,
NDUFS1,,
NUDCD1,,
NR2E3,,
OBFC1,,
BNIPL,,
FATE1,,
ORAOV1,,
METAP2,,
WBP4,,
SPRED2,,
DENND6B,,
FAM122A,,
GSPT1,,
MSANTD2,,
KIAA0125,,
LOC102723692,,
MMP25,,
RSPH9,,
GNB4,,
TIMM44,,
MTHFD2,,
CARF,,
WDR46,,
EDC4,,
MIR146A,,
DCAF6,,
AP2M1,,
THUMPD1,,
NKX6-2,,
RIC8B,,
SLC9A9,,
RP4-581F12.1,,
TBX3,,
RPL8,,
CCDC147,,
DMRTA1,,
BTN3A3,,
CR1L,,
FRMD6,,
GRAMD3,,
LOXHD1,,
PSTPIP1,,
TOR1AIP1,,
RP11-1114A5.4,,
FGFBP3,,
COX6C,,
RP11-461A8.4,,
CCT8,,
ITPKB,,
BTBD1,,
WISP3,,
SLCO2B1,,
TMEM161B,,
LOC101927060,,
PDK1,,
MS4A3,,
SDCBP2-AS1,,
DGCR7,,
B3GALNT1,,
GDF2,,
LOC100129973,,
CIR1,,
RAB35,,
NAP1L4,,
INTS12,,
FTCD,,
GUCA2B,,
COA5,,
CCDC135,,
METTL23,,
EGLN2,,
MAD1L1,,
HSDL1,,
RAB11FIP1,,
CHRNB1,,
FAM167B,,
PDE4DIP,,
CNOT6L,,
ZNF480,,
EMP3,,
LNP1,,
MRPL37,,
RBP5,,
TMEM144,,
TRUB1,,
SFI1,,
RP11-219B4.3,,
OAZ1,,
RALBP1,,
SYNGR1,,
ZNF837,,
LOC101059948,,
LOC101927722,,
IL6ST,,
FGF8,,
PRSS50,,
ITIH5,,
RPS6,,
IMPA2,,
POMZP3,,
TMEM191A,,
SNX30,,
ITGAE,,
NT5C3A,,
KIAA0196,,
LOC100289098,,
UPK3A,,
FZD10-AS1,,
PSME1,,
SH3BGRL,,
RP11-329B9.3,,
ABT1,,
MEFV,,
PKN1,,
PEX5,,
LMO2,,
PF4,,
PSPC1,,
ZP1,,
MYH11,,
ITGB1,,
LOC101927503,,
RPL37,,
ENAH,,
IPO9-AS1,,
RALY,,
TMEM242,,
A1BG,,
OAS3,,
BC047484,,
SEC31A,,
GNA14,,
CREBL2,,
S1PR5,,
DCUN1D4,,
WNT5B,,
LOC100287896,,
KRCC1,,
DUSP11,,
PITPNM1,,
AUH,,
MVD,,
NPM3,,
CDR1,,
ACP1,,
LINC00202-1,,
FOXN2,,
CTSG,,
COA4,,
PKP3,,
GNPNAT1,,
CTD-2520I13.1,,
LOC285147,,
COX5A,,
LOC283745,,
BABAM1,,
SLC52A1,,
NEU1,,
HERC4,,
FLAD1,,
B3GNT5,,
FAM195B,,
FAM76A,,
USPL1,,
ELANE,,
PODN,,
THRB,,
OPTN,,
EML6,,
CRYM,,
CCNB1IP1,,
LPPR3,,
LOC101927770,,
ALS2,,
ATP5G3,,
TSPEAR,,
LOC100289283,,
THOC7,,
FAM200A,,
NLRP6,,
SLC15A4,,
TNRC6A,,
HOXA4,,
C7orf50,,
IFI44,,
HERPUD2,,
LINC00620,,
REXO2,,
POM121L2,,
CNOT11,,
GBP4,,
GLOD4,,
PHC1,,
SLC10A4,,
ATXN7L3B,,
TIPRL,,
ANO2,,
RASSF2,,
RP1-101G11.2,,
CXCR3,,
DUSP5,,
SUCLA2,,
MXD1,,
CTSO,,
MRPL4,,
MRPL32,,
AVEN,,
KIAA1161,,
AEBP2,,
WAS,,
ARPC3,,
NCK1,,
ZNF527,,
TMEM132A,,
TMEM45A,,
DNMT3L,,
TMEM107,,
PNMA6A,,
PPP2R3C,,
GNB1,,
HCG18,,
POLR2C,,
LOC100505797,,
DICER1-AS1,,
MRFAP1L1,,
IQCF6,,
LOC728730,,
PYROXD2,,
PDCD7,,
RABEP1,,
ZNF436,,
NDNL2,,
LSMEM1,,
CHFR,,
LOC102723954,,
CLEC5A,,
CRISP3,,
TIA1,,
FAM71B,,
GSAP,,
C10orf91,,
LOC101929272,,
LOC283357,,
COL16A1,,
PPP1R35,,
TCEB2,,
DUSP28,,
GIPC2,,
AHR,,
INTS8,,
BCL10,,
ATXN2,,
NCAPH2,,
SSPO,,
APLNR,,
MAGEE1,,
CSRP1,,
RNF185-AS1,,
RP11-391M1.4,,
TXLNA,,
TUBG1,,
LOC100506472,,
TSR1,,
PCDHB18,,
HMCN2,,
DGCR6L,,
APOBEC3G,,
ORMDL1,,
USP1,,
KCNMB4,,
TEX9,,
ARL8B,,
METTL18,,
LOC100287704,,
LINC00926,,
TTLL2,,
C5orf66-AS1,,
ATP5F1,,
PCDH19,,
HSPB2,,
RPS23,,
CWC22,,
FGF21,,
TAOK2,,
ADPRHL1,,
SLC1A7,,
MSX2,,
BHLHE23,,
TDRD12,,
ATP6V0B,,
KIF26A,,
EMC2,,
TXNDC9,,
CPPED1,,
DPY19L4,,
PDX1,,
KCNH3,,
TM9SF4,,
DGKE,,
EPS8,,
SNX9,,
FAM127B,,
ZSCAN16-AS1,,
ANKLE2,,
TUSC2,,
LRP5,,
C9orf142,,
S100A5,,
RPL30,,
ZNF230,,
LINC00327,,
C8orf34,,
MYOCD,,
ZNHIT3,,
TREML3P,,
EPAS1,,
TMEM68,,
DDX49,,
COX6B1,,
TSPAN16,,
SORCS2,,
PRPF38B,,
VENTX,,
RPS6KA2-AS1,,
AAMP,,
PSMD4,,
HEATR5A,,
CTNNA1,,
RPS29,,
MPZ,,
ITGA6,,
SLC27A5,,
NBL1,,
SMPDL3A,,
CREBRF,,
PDGFRA,,
WIF1,,
NACA2,,
NCALD,,
BC039319,,
MAPK4,,
LCN15,,
CAMKMT,,
SNRPB,,
TNFRSF19,,
CIDEB,,
C11orf57,,
NHLRC3,,
KPNA5,,
LOC101928135,,
HIPK4,,
YBX2,,
ARPC4,,
DAGLB,,
TTC22,,
SUPV3L1,,
KMT2E-AS1,,
NAT8B,,
ASPN,,
ATP2A3,,
TTLL13,,
ANP32E,,
NCK1-AS1,,
LOC101929239,,
VEGFC,,
POLR3F,,
GRSF1,,
ZCRB1,,
ENPEP,,
SOX14,,
LOC100507477,,
HMGB1,,
TWF1,,
ALDH16A1,,
SRSF7,,
CXCL16,,
MTMR11,,
ZNF32,,
PHLDB3,,
CNTLN,,
PICK1,,
MTERF2,,
ERGIC3,,
ING4,,
GSTM3,,
PTPRN,,
DPEP3,,
MLST8,,
NOTCH4,,
MAT2B,,
MRGPRX1,,
TRNAU1AP,,
R3HDML,,
PRR3,,
CWC27,,
LURAP1L,,
CHAF1B,,
ECH1,,
CAST,,
TIGD4,,
TMEM239,,
MIDN,,
PLBD1,,
CYP1A1,,
ARL16,,
TCAIM,,
PDIK1L,,
CIRBP,,
RAB11A,,
LPGAT1,,
DGKZ,,
RBBP8,,
TGDS,,
ATP2C1,,
SNCG,,
DCAF12,,
GRAMD1A,,
NUP155,,
PMP22,,
LACTB2,,
NLK,,
CD3E,,
SCO1,,
IL18BP,,
INGX,,
COLEC12,,
LDOC1,,
RNF38,,
PHYH,,
TSPAN33,,
DNAH3,,
CARD10,,
WBSCR27,,
CYYR1,,
GSTM4,,
STAG3L4,,
PLXND1,,
FBXL18,,
PPIC,,
SHISA2,,
DGCR14,,
AASDHPPT,,
NSRP1,,
ENTPD3,,
LINC01085,,
NKPD1,,
ZNF747,,
EGFL7,,
VSIG10,,
TIMMDC1,,
MX1,,
DCUN1D5,,
NMI,,
MFF,,
MYO1D,,
OR7E156P,,
BCL2L10,,
RFWD2,,
LBR,,
C14orf64,,
AC004941.5,,
AP001630.5,,
KDM4C,,
COPG2,,
CTC-338M12.4,,
GRIN2C,,
SESN1,,
TBC1D30,,
SERP1,,
GFI1,,
SOAT2,,
NIT2,,
MCMBP,,
LOC102724275,,
CREB3,,
IFITM3,,
ERVFRD-1,,
ETFDH,,
LDB2,,
MRPL3,,
ACAD9,,
LINC00445,,
MIR210HG,,
RBM4B,,
SLAMF8,,
SIX3,,
MASP2,,
GOLGA4,,
SEC62,,
KIRREL,,
SDS,,
KCNK12,,
FLJ12120,,
ANKLE1,,
BIN2,,
SLC5A9,,
PAM,,
CCDC170,,
ANK1,,
CDC42EP5,,
HIC1,,
RAB1A,,
SATB1,,
KLRC4,,
FAM175B,,
CNOT3,,
C14orf119,,
RP11-304C12.3,,
LOC284578,,
LAPTM4B,,
TMEM161B-AS1,,
C9orf37,,
SIRPB2,,
RP11-644F5.11,,
KIF22,,
RNASE4,,
NAF1,,
CRYBB2,,
EDF1,,
CTNND2,,
IFIT1,,
RSRC2,,
MMADHC,,
SYT13,,
CTB-31O20.2,,
CLEC1A,,
QSER1,,
KIT,,
RPS3,,
ABHD10,,
NTF3,,
RP11-805I24.3,,
SKIV2L2,,
NTHL1,,
ATP5G1,,
RNF10,,
P2RY6,,
ACSS3,,
VWA7,,
LOC91450,,
FAM3C,,
LCN12,,
LINC00310,,
ADRA1A,,
KAT5,,
IMP3,,
DNAJC28,,
GLCE,,
FGF10,,
ATAD2,,
C11orf83,,
ZNF674-AS1,,
C21orf58,,
RHOJ,,
COL25A1,,
C8orf48,,
SAMD14,,
NUDT14,,
MRPL43,,
ARHGEF12,,
CRYBB1,,
SLC2A12,,
GZF1,,
GATA6,,
THOP1,,
GNG7,,
NTNG2,,
AIF1L,,
CECR5,,
MTFR1,,
TMEM238,,
RP11-63A1.2,,
LOC285043,,
DUSP16,,
ALDH1A2,,
NFKB2,,
GP9,,
TMSB4Y,,
NDUFA1,,
PDXK,,
IL17RE,,
IMPA1,,
SERINC3,,
FERMT3,,
RNH1,,
POP4,,
PKM,,
MGST2,,
ARSB,,
TCEANC,,
FBN3,,
BET1,,
LMOD1,,
COL12A1,,
SMEK2,,
LINC01304,,
IL3RA,,
SGCD,,
HOXA-AS2,,
ZNF680,,
RNF151,,
NOBOX,,
NRROS,,
HEXB,,
BRI3,,
CARS-AS1,,
LOC643733,,
VPS26A,,
EMC1,,
GALR2,,
MYOC,,
PPP6R3,,
CXorf23,,
mir-223,,
MYOF,,
SH3BGRL2,,
GJA3,,
PITX1,,
MRPS36,,
C2orf44,,
SCCPDH,,
ARL14EP,,
PIP5KL1,,
AL590762.11,,
MFSD10,,
LYRM4,,
CDC23,,
CTD-2587H24.10,,
AP1S2,,
FTL,,
PDCD5,,
RAI2,,
C14orf180,,
LOC101928505,,
VPS37A,,
LOC340107,,
TTR,,
FAM104B,,
MYO1E,,
THYN1,,
RP11-443B7.1,,
ADAM28,,
BID,,
DLX6,,
BFSP2,,
SRRM1,,
44811,,
STK3,,
CD84,,
RP5-1092A3.4,,
AL022341.3,,
PIK3R6,,
TYMP,,
SYS1,,
KIFAP3,,
RICTOR,,
PRR34-AS1,,
INSL3,,
C12orf73,,
CTD-2083E4.4,,
ISCA1,,
LINC01341,,
ARHGEF4,,
TLX2,,
BRK1,,
ALPI,,
BST2,,
RGS20,,
ASNA1,,
MRPL13,,
TFF1,,
RP11-138I18.2,,
MYO5A,,
DCAKD,,
NRAS,,
FAM178A,,
PDE6B,,
SAMD3,,
MFGE8,,
CEACAM8,,
HLA-J,,
PHLDA3,,
CKAP2,,
CES2,,
PPIE,,
LOC730098,,
RP11-38L15.2,,
LOC100126784,,
IMMP1L,,
RCAN3,,
DUSP1,,
FANCA,,
SOD2,,
APIP,,
HRAS,,
ATP11B,,
TEPP,,
SH3GL3,,
LOC102725408,,
ZDHHC19,,
LSM10,,
FLJ37035,,
LEPRE1,,
C14orf142,,
SEC24B,,
C6orf57,,
RP11-389C8.3,,
JDP2,,
RP11-548H18.2,,
MORN5,,
LILRA2,,
COMMD7,,
LINC00662,,
AMPD1,,
ZBTB14,,
VAMP7,,
ACTL8,,
FBXL17,,
VBP1,,
RP3-476K8.3,,
ADARB1,,
TM2D1,,
UGDH,,
PROM2,,
PPP5D1,,
TASP1,,
GNPDA2,,
CCDC106,,
WRAP73,,
RDX,,
RPL24,,
SERPINI1,,
ZNF717,,
XPR1,,
PTGER2,,
KLHL31,,
RP11-356B19.11,,
PHB2,,
TCF3,,
AMZ1,,
LOC440149,,
RBAKDN,,
CBL,,
BUD31,,
C2orf68,,
AMZ2P1,,
KIF20B,,
ABCA8,,
RFXAP,,
C19orf53,,
C16orf86,,
HADH,,
LOC286068,,
UNK,,
KIF25,,
CHCHD5,,
LRTM2,,
PPA2,,
RP11-285A1.1,,
MTM1,,
TMEM120A,,
INTS7,,
PBX2,,
MVB12A,,
MSH2,,
COL14A1,,
TGFB1I1,,
ITFG1,,
RPL18,,
GJD4,,
RP1-202O8.3,,
FBXO22,,
MRPS28,,
LAMA5-AS1,,
S100A3,,
CYP3A43,,
EXOC5,,
GTF2F2,,
PAGE5,,
EPRS,,
MTMR12,,
REEP5,,
CD59,,
MAGOH2,,
PTPN12,,
NDUFA6,,
SHC3,,
SFTA1P,,
AQP5,,
S100A11,,
TMEM230,,
ADAM9,,
NME3,,
DBIL5P,,
SFT2D1,,
ZNF740,,
XRCC6BP1,,
UGT2B28,,
BEX4,,
FOXD3,,
SETD9,,
MPDU1,,
TCERG1,,
LOC101929413,,
BAZ2B,,
OOSP2,,
FGF3,,
OR4D1,,
BAIAP2L2,,
SS18L2,,
HOXD12,,
FRMD8P1,,
SNRPD1,,
RPS6KB2,,
NCOR1,,
P2RY2,,
T,,
COL4A2,,
GRHPR,,
ADAMTS19,,
TBXA2R,,
TCEAL1,,
SETD4,,
LOC101926963,,
TCEA2,,
NDUFA12,,
SLC12A2,,
HIGD1B,,
CDRT1,,
CDKN3,,
HNF4A,,
ICT1,,
RAB28,,
ZNF649,,
STIP1,,
ERI3,,
44805,,
CHMP2A,,
TSPAN2,,
RNF20,,
UBAC1,,
TMEM51,,
IL2RB,,
NIFK-AS1,,
PNRC2,,
NGB,,
MAF1,,
LOC101927934,,
PP7080,,
LOC400965,,
CCDC37,,
ZBED5-AS1,,
ZCCHC11,,
VAX2,,
LLPH,,
LOC100996756,,
PNRC1,,
HIRIP3,,
CELA2B,,
UCN2,,
XPNPEP3,,
ATG4C,,
RAB3C,,
ME3,,
HS2ST1,,
GOLGA6L6,,
BCL2L2,,
ACAP2,,
FOXRED1,,
BTBD17,,
GCLC,,
GUCY1A3,,
ANP32B,,
TLE3,,
MYLIP,,
ERVW-1,,
NT5DC1,,
CEACAM21,,
ABCA4,,
LOC284600,,
TMPRSS6,,
ADH1C,,
INSIG2,,
SUB1,,
TEFM,,
LOC102724017,,
RP11-680F20.10,,
XRCC4,,
ANKRD20A12P,,
YTHDC1,,
METTL8,,
AASDH,,
APPL1,,
ASTE1,,
WDR91,,
C3orf33,,
PARD6G,,
HGFAC,,
LINC00116,,
KLHDC7A,,
ELP4,,
DOK2,,
KCNE3,,
DIRAS1,,
UQCRFS1,,
MRPL24,,
FIP1L1,,
NUPR1,,
PTGES2,,
TCTN2,,
SPOP,,
RPS19,,
STAT5B,,
OR10A4,,
HIVEP1,,
MYO1A,,
USP12,,
TMED4,,
EEF2,,
ZBTB43,,
DAPK3,,
TJP1,,
GRIP2,,
WDR61,,
LOC101926962,,
DDIT4L,,
NUS1,,
CD163L1,,
PELI2,,
ABHD5,,
TRIM13,,
TMEM70,,
KLHL1,,
RPS7,,
MYO5B,,
UBASH3B,,
LOC101928389,,
ACTL10,,
TRMT112,,
DHRS1,,
FAM168B,,
INTS10,,
SLC25A6,,
CENPJ,,
IL10RB,,
TUT1,,
ERCC1,,
NUP107,,
ZNF251,,
TXNL4A,,
FAM83F,,
CCNY,,
MACROD1,,
AIF1,,
ATM,,
EXOSC7,,
SETDB2,,
CUL5,,
DNAJA1,,
PRKACB,,
CPT1C,,
TPT1P8,,
OTUD6B-AS1,,
LOC100506469,,
TCEANC2,,
PRDM8,,
SPATA31C2,,
RP11-83N9.5,,
RNF11,,
ZMYM4,,
PLCL1,,
NDUFB3,,
MPV17L2,,
APOA1BP,,
GMPR2,,
TMEM170A,,
NTRK1,,
CCDC114,,
LOC101929243,,
SLC6A1,,
CCM2L,,
EIF5,,
COCH,,
PAPLN,,
RAB33B,,
HNRNPA2B1,,
FGFRL1,,
C17orf75,,
UCHL1,,
PARK2,,
ZNF254,,
ADAD2,,
MMP14,,
XPO7,,
IFRD1,,
LOC101927086,,
KRIT1,,
TEKT3,,
C11orf88,,
LPCAT2,,
ETV6,,
LOC100506299,,
SMIM7,,
COQ5,,
CD40LG,,
C1orf213,,
THSD7B,,
COL4A5,,
LOC389906,,
PSMA2,,
RAB27A,,
RP11-109D9.4,,
RP11-102L12.2,,
PCDH18,,
RBM14,,
SLC35B3,,
RP11-369C8.1,,
C1orf177,,
RETNLB,,
POU5F1P3,,
NFKBIL1,,
ARHGEF15,,
PTP4A2,,
LOC101928009,,
BAIAP2L1,,
LOC102724312,,
MTIF3,,
ACSF3,,
HEBP2,,
DPT,,
PLEKHA1,,
GOLIM4,,
CD226,,
PLAU,,
AGBL4,,
SLC35B1,,
SPRY2,,
PIK3AP1,,
ATP5C1,,
DYNC2LI1,,
PPAT,,
KIAA1919,,
TPSG1,,
ZNF781,,
RASA1,,
BRIX1,,
OPN3,,
RARG,,
TMIE,,
TLR9,,
BIRC7,,
SH2D3C,,
CCS,,
KRT33A,,
ZBTB12,,
PIGN,,
DHRS12,,
DDX46,,
SRBD1,,
AHRR,,
LOC652993,,
KLHL7,,
TMEM196,,
LOC153546,,
H2AFX,,
UBR5,,
NOL10,,
LOC101927526,,
PRMT7,,
AQP2,,
TMEM167B,,
FBXL8,,
FZR1,,
C5orf15,,
TMED2,,
TSNAX,,
ARHGAP31,,
LIG3,,
GLUL,,
SLC22A31,,
NDUFAF2,,
CFP,,
ETHE1,,
EMX2,,
C14orf105,,
NENF,,
EMP2,,
ARRDC2,,
PACSIN3,,
DEDD,,
TRIML2,,
C11orf24,,
NDUFA8,,
LRRC32,,
NBEAL2,,
RP11-493L12.3,,
PCSK6,,
AP2B1,,
LOC100507516,,
ASAH1,,
PCBP1,,
NAA20,,
PLEKHG6,,
METRN,,
VAPA,,
NLRP12,,
SPIDR,,
C1orf52,,
DRG1,,
SYNGR2,,
GPS1,,
FAM200B,,
RCC1,,
MORN2,,
C1orf21,,
RP11-552F3.10,,
BMP4,,
ANKMY2,,
SOX4,,
44807,,
BCKDK,,
ENDOU,,
LENG1,,
ABCG2,,
NEDD4,,
ETS2,,
PAPOLG,,
CMKLR1,,
HAGH,,
DHRS7B,,
SERINC1,,
ZNF536,,
LOC285095,,
WBSCR17,,
ACIN1,,
RP11-263K19.4,,
BUD13,,
HRSP12,,
TFCP2,,
ARID5A,,
PEF1,,
BC043540,,
RNF149,,
KLHL9,,
CCDC66,,
FSCN1,,
RIC3,,
LOC100289092,,
TMEM184C,,
CNPY2,,
MORN3,,
HIRA,,
RPE,,
44625,,
TRIM37,,
WDR4,,
HMGB3,,
SGPL1,,
SLC25A15,,
DIDO1,,
ZNF277,,
ESRRB,,
SMIM11,,
SIM2,,
DERL2,,
GMCL1,,
RERE,,
METTL4,,
CACNA1B,,
PIGH,,
LINC00403,,
LINC00883,,
FAM166B,,
LOC100507557,,
ARF4,,
FLJ33534,,
TMEM44-AS1,,
SNTB1,,
ADNP,,
RPL36AL,,
UFM1,,
RPL29,,
LINC01333,,
GINM1,,
METTL14,,
EIF2AK4,,
PXK,,
KCNMB2,,
KCNJ8,,
UBA52,,
UNC93A,,
RNF219,,
MATK,,
NUDT21,,
ERF,,
CTD-2616J11.10,,
GADD45A,,
CLEC4M,,
LILRB3,,
ARMC12,,
FAM229B,,
PPWD1,,
DLEU1,,
NUCB1,,
SLC5A1,,
EID2,,
TUBB,,
MGAT4A,,
TPR,,
DNTTIP2,,
WNT9A,,
G3BP1,,
CD300C,,
LOC101928045,,
PSMA1,,
NDUFC1,,
CRELD1,,
RPS6KA2,,
CST2,,
RP1-179N16.6,,
TRIOBP,,
SPECC1,,
NUP37,,
NARS2,,
NCBP2,,
C10orf128,,
SPACA3,,
GSN-AS1,,
CTNNAL1,,
SRGAP3,,
COPS6,,
GRAMD1B,,
SLC34A1,,
PPIH,,
PDGFRL,,
TAOK3,,
SMCO4,,
TUFM,,
MICAL1,,
CIART,,
RP11-218C14.8,,
LRRC10B,,
PTGES3L,,
ZNF273,,
TOX2,,
SH3TC1,,
CD180,,
TMEM105,,
TRAPPC2L,,
MAST3,,
CSHL1,,
EFCC1,,
HEXA,,
H2BFS,,
YEATS2,,
ZNF76,,
IFI27L2,,
DZIP1,,
FIBP,,
GEMIN2,,
PRSS8,,
CCNJ,,
C9orf43,,
PAQR8,,
SEMA3G,,
PROP1,,
CAAP1,,
DHRS3,,
USP37,,
CCDC148-AS1,,
CCNDBP1,,
SNAP23,,
SLC35A1,,
CCDC88B,,
MINOS1,,
NUP210P1,,
NCOA5,,
HIST1H2BA,,
ARL3,,
PEX3,,
RREB1,,
KRT31,,
LINC01215,,
CTSF,,
CKB,,
TMEM178A,,
MRPL14,,
UBE2V2,,
OSGEP,,
HNRNPH3,,
HOMER3,,
LCE1B,,
FMO1,,
LAG3,,
LINC00658,,
IRX2,,
PPP1R7,,
ZNF296,,
ECE2,,
KPNA4,,
ZNF79,,
MXI1,,
LOC100132057,,
CCDC59,,
TADA2A,,
LOC100131662,,
KDELC2,,
WNT9B,,
ZFPL1,,
IL32,,
NDNF,,
SPSB2,,
TAGLN2,,
POLR3E,,
TYRO3P,,
THAP8,,
CABIN1,,
DLGAP2,,
PITPNB,,
ULK2,,
PCDHB3,,
CES1P1,,
PSMC2,,
PSAT1,,
RSPO3,,
FOXN1,,
LINC01425,,
MGA,,
IL9R,,
PFDN1,,
ADCK3,,
NECAB3,,
NUP85,,
SLC27A4,,
ALOX5,,
FMR1,,
LOC100631378,,
ERBB2,,
ATP6V1B2,,
SPRYD3,,
44819,,
LOC102724009,,
HDHD2,,
RCAN2,,
ARTN,,
RUNDC3A,,
DBI,,
KATNA1,,
ANGPTL2,,
RP11-388M20.6,,
HNRNPC,,
FAIM2,,
VIL1,,
CDADC1,,
KBTBD7,,
VRK1,,
C3orf58,,
CADPS,,
ACOX2,,
PTGIR,,
SLC22A14,,
PAX7,,
TEX264,,
CST4,,
RP1-31B8.1,,
PDLIM2,,
HIST1H2BE,,
LPAR4,,
NPEPL1,,
SAMD4A,,
C8A,,
RARS2,,
BMP8B,,
RNF126P1,,
CT62,,
RPRD1B,,
PTPN3,,
LILRB5,,
CXorf36,,
INPP4A,,
TSSK6,,
PHLDA1,,
AC079767.4,,
TRAM2-AS1,,
AAGAB,,
SEC22B,,
MTNR1B,,
E4F1,,
KANSL1-AS1,,
IL13RA2,,
SLC15A1,,
PLD3,,
SEPSECS,,
SC5D,,
CACYBP,,
TWSG1,,
FBXL12,,
CHMP6,,
ALG9,,
GPR146,,
POP5,,
SPAG16,,
TMEM128,,
SUMO1,,
ECI1,,
MSANTD3,,
MTCH2,,
MTMR2,,
PARP8,,
ANKRD46,,
SUGP2,,
FAAH,,
POLR2F,,
FRAS1,,
LOC283387,,
ELP6,,
BEST4,,
EIF4ENIF1,,
TOR1B,,
SMYD1,,
ZNF514,,
MGLL,,
SPDL1,,
ARHGAP28,,
C6orf164,,
APOBR,,
NEUROG3,,
SGTA,,
ZNF510,,
AC005306.3,,
C1GALT1C1,,
LOC101929133,,
LOC102724030,,
KIF17,,
CEP152,,
ZNF639,,
NKX6-3,,
FRMD4A,,
RP11-231C18.1,,
RPS16,,
HDAC1,,
SRSF12,,
CEMP1,,
STC2,,
KCNE1L,,
LOC727944,,
NDUFA2,,
SNX17,,
RP11-792A8.4,,
FAM83B,,
ANKRD10,,
HDAC3,,
AIDA,,
PRSS22,,
RP3-359N14.1,,
ATRAID,,
LOC440792,,
CNST,,
LOC101927274,,
NREP,,
GRK5,,
NAPA,,
UBE2A,,
ELMOD2,,
EIF3E,,
MRPL40,,
HES7,,
KCNF1,,
KIR2DL4,,
CDH16,,
EVL,,
ACO2,,
ST7-AS2,,
CCP110,,
MAP1LC3A,,
TRPT1,,
RBM18,,
BUB1,,
SYCP2,,
IL1R1,,
MOXD1,,
C9orf16,,
CRABP2,,
GRAMD4,,
HP1BP3,,
TAT,,
LINC00937,,
MMP17,,
CYP39A1,,
SLBP,,
CCDC64B,,
PAIP2B,,
ZNF585B,,
ADAMTSL5,,
RAB26,,
TECR,,
HOXD9,,
C20orf166,,
SIGLEC5,,
OBP2B,,
MED22,,
CS,,
MMP9,,
TSPO2,,
KLK6,,
WDR1,,
VPS36,,
PLCL2,,
ABTB1,,
FGF14,,
GRK4,,
HIST1H2AE,,
GPR37L1,,
MSH3,,
MRPS27,,
CGGBP1,,
GLTP,,
MGAT4C,,
LRRC75B,,
KANK3,,
FGR,,
CDKL3,,
AMACR,,
ATP6V0C,,
EAF1,,
LYPD8,,
ZBTB46,,
IFT27,,
COPS4,,
C10orf53,,
TRMT2A,,
IFITM1,,
OMP,,
SLC39A4,,
CDC40,,
BC022047,,
RPP14,,
TXNDC16,,
CCDC129,,
TMEM42,,
MUC20,,
KDM8,,
SSFA2,,
USF1,,
LAGE3,,
AP000696.2,,
HMGN3,,
PIKFYVE,,
ACTR10,,
TXNDC17,,
NRXN2,,
CD99P1,,
FGD1,,
TNS4,,
CD300A,,
TTYH3,,
NOL4,,
LOC100653005,,
ZFAND3,,
SERINC2,,
ENPP4,,
SEC11C,,
ALDH5A1,,
H2AFJ,,
PAPSS1,,
FKBP8,,
DSTN,,
ZFR,,
EPB41,,
ZNF326,,
ZCCHC8,,
HEMK1,,
FOXN3,,
MIXL1,,
ZNF821,,
CYMP,,
RNASEH2A,,
HELQ,,
IMPDH2,,
LOC101929122,,
SNX4,,
ADAL,,
LCLAT1,,
STK40,,
RNF144A,,
PDE1C,,
TBCB,,
SIT1,,
GTF2A2,,
SLC4A9,,
ACOT13,,
PMCH,,
CAPZA1,,
PPM1D,,
TAF9B,,
CYP2U1,,
ZNF624,,
NDUFA7,,
RNF121,,
LOC283214,,
COG3,,
LIME1,,
KCNK4,,
USHBP1,,
ANKRD49,,
LOC101928173,,
HACE1,,
CNRIP1,,
COL3A1,,
LOC101929315,,
PSMA3,,
LAMTOR5-AS1,,
RP11-255C15.4,,
C8orf66,,
KIAA0430,,
SPNS1,,
H1F0,,
ANKRD65,,
RP11-138I17.1,,
YPEL5,,
SEL1L,,
SF3B5,,
UBAP2L,,
SPAG4,,
IL12RB2,,
MRS2,,
PCNX,,
PPP1R10,,
IFITM2,,
MAP4K2,,
RBM12B,,
MAP2K6,,
OPRL1,,
TWISTNB,,
TBC1D29,,
ZNF428,,
LOC100996425,,
TAF1,,
MRPL52,,
MUC5B,,
JUNB,,
GTF2B,,
VKORC1L1,,
GPR35,,
MASP1,,
FBXO9,,
CCM2,,
FAIM,,
IZUMO1,,
TRMT11,,
SCARNA2,,
ACTN3,,
RAPSN,,
ZNF780B,,
CLVS1,,
HK2,,
C19orf81,,
HSF4,,
ARHGEF16,,
CD47,,
MYH10,,
CIAPIN1,,
EPB41L4A-AS1,,
PSMB7,,
BASP1,,
GABBR2,,
CDC42SE1,,
CCDC124,,
DNAH5,,
TMEM17,,
ODF3L1,,
INS,,
KIF26B,,
BRI3BP,,
CDC42EP4,,
BC033164,,
POT1,,
ARL6IP4,,
TMEM252,,
CCR1,,
TMEM151B,,
PSMA7,,
CERS2,,
ZNF440,,
LOC100130370,,
SETBP1,,
ATPAF1,,
MRVI1,,
LOC100996251,,
ZACN,,
FAM124B,,
TBC1D1,,
NOTCH1,,
GUCA1B,,
PPCDC,,
FYN,,
MYBPC2,,
OBP2A,,
CLDN3,,
DDX11,,
RP5-1039K5.16,,
QRICH1,,
LOC730101,,
CNPY4,,
LYSMD1,,
C20orf194,,
JAKMIP1,,
EFEMP2,,
ZNF586,,
ABHD12,,
HDGFRP2,,
SH2D1A,,
LPA,,
LIN54,,
TCP11L1,,
TATDN1,,
LOC100507560,,
LENG9,,
RCC2,,
WDR83,,
PIANP,,
RGN,,
RP11-53O19.3,,
PAPD5,,
CABP7,,
HIST1H3A,,
TMEM204,,
PLD6,,
TMEM220,,
DMBT1,,
A2M,,
KIF2A,,
ANKRD13A,,
PAAF1,,
CD320,,
GPR110,,
DPH3,,
ECEL1,,
NCAM2,,
PROSC,,
NLGN3,,
RASL11B,,
LOC100129380,,
PAIP1,,
RPL11,,
ACY3,,
LOC728392,,
RIMKLA,,
MBOAT1,,
IFT43,,
HVCN1,,
PDE10A,,
S1PR4,,
TENC1,,
PCSK7,,
INSRR,,
RADIL,,
DLST,,
JAM3,,
BCL7B,,
ZIK1,,
ZBED4,,
UBE2G1,,
TNNI3K,,
NKIRAS1,,
PTPRU,,
BTBD3,,
SNAPC4,,
SMIM22,,
CWF19L2,,
RP11-635N19.1,,
ROCK2,,
GDF3,,
MED11,,
SLAMF1,,
FAM49A,,
RAB22A,,
TEX12,,
CEND1,,
IVNS1ABP,,
LOC101926916,,
ANKRD39,,
FAM131C,,
KIAA0232,,
LSM8,,
RAB2A,,
SKP2,,
DNAJB11,,
IL12A,,
PLA2G4A,,
DHX40,,
LINC00482,,
TMEM38A,,
AC004692.5,,
LYRM2,,
KCNK7,,
RP11-357G3.1,,
ZER1,,
MFSD3,,
RCHY1,,
DCP1B,,
TMEM27,,
BOLA1,,
UHMK1,,
BMS1P5,,
GPIHBP1,,
RP1-193H18.2,,
GPRIN3,,
XPO4,,
MCUR1,,
ENTPD1,,
NOL12,,
LOC100129516,,
TALDO1,,
CLASP1,,
TAF2,,
DEGS2,,
LOC642757,,
AC025442.3,,
PEX7,,
HCRTR2,,
THAP6,,
NLE1,,
EXOSC4,,
MRPL10,,
STK10,,
THAP7,,
SLCO1C1,,
CLUHP3,,
LINC00636,,
UROC1,,
TMEM106B,,
ZAN,,
SPPL3,,
PRRX2,,
TEX30,,
ERBB2IP,,
CDC5L,,
LOC101929609,,
ME1,,
ABCA11P,,
SMTN,,
TSTA3,,
ZNF200,,
PRRC2A,,
IFRD2,,
MLYCD,,
HIPK1,,
FES,,
TMLHE,,
FBXL13,,
COL6A1,,
ABHD13,,
FAF2,,
SENP2,,
LOC284788,,
PIK3CD,,
LOC645513,,
MEIS1,,
LOC101929897,,
AIFM3,,
PMS2P3,,
44816,,
HIC2,,
CROCCP3,,
FAM149A,,
FLJ13224,,
BAI3,,
PPAPDC3,,
PSTPIP2,,
LOC100505727,,
TEX19,,
REM1,,
KRT36,,
MAOB,,
CPLX1,,
SYCN,,
ANAPC11,,
ASCC3,,
ATAD3B,,
CENPC,,
SPATA31E1,,
LACC1,,
MED14,,
TMEM86B,,
ELOVL2-AS1,,
ATP6V1G3,,
AKT2,,
CDK7,,
PRM1,,
ACTB,,
TUBGCP3,,
GLT1D1,,
TSC22D2,,
PATL2,,
EIF1,,
UNC50,,
VSX1,,
SCOC-AS1,,
CETN2,,
HDX,,
KLK4,,
GATA6-AS1,,
MRE11A,,
LOC101928865,,
CAMP,,
ECSIT,,
SLC26A10,,
MED25,,
CTSL,,
ENOPH1,,
LOC100505564,,
TYMSOS,,
NR3C1,,
ODF3,,
RTCA,,
GOLGA1,,
EHMT2,,
BCMO1,,
MPHOSPH9,,
LINC00266-1,,
TMEM39A,,
KIF9-AS1,,
C14orf159,,
BPIFC,,
COMMD4,,
XAGE3,,
POLR2H,,
POU5F1P4,,
LOC100506851,,
UCP2,,
ZIC1,,
LOC101927143,,
BTN2A2,,
UBB,,
TMEM209,,
RPL32,,
C14orf166,,
MDFI,,
AK097370,,
PCDHB11,,
RNF126,,
CLIC4,,
PAGR1,,
IL27RA,,
TIMM17A,,
ZKSCAN8,,
IGSF10,,
SCML1,,
AC064852.4,,
ALDH4A1,,
LRRC8B,,
SMUG1,,
LOC101929964,,
BST1,,
UBE2I,,
ALDH18A1,,
CBY1,,
LOC101927839,,
HERC5,,
MITF,,
GAL3ST4,,
ICOS,,
ZNF140,,
LINC00309,,
AC003989.4,,
IL4I1,,
HCN2,,
BVES,,
TFF3,,
MYADM,,
WAPAL,,
RTN4R,,
TCF7L1,,
RASL10B,,
RRS1,,
S1PR1,,
AGPAT2,,
LARP7,,
CYP2A6,,
SLC25A1,,
PACRG,,
LOC101929761,,
SETD7,,
ZSCAN21,,
ALKBH5,,
FBXO39,,
CTC-462L7.1,,
CTC-360P9.3,,
CORIN,,
LOC101928521,,
TAP2,,
LOC100506235,,
OR8G1,,
AIRE,,
CTD-2281E23.2,,
APEX1,,
C19orf18,,
TTC36,,
VEZT,,
EBI3,,
MCF2L,,
PANK4,,
ADAMTSL2,,
NRGN,,
TSPAN4,,
LOC285627,,
RP3-412A9.16,,
SNHG18,,
OSGIN1,,
GLTSCR1,,
TUBB3,,
FADS2,,
PDCD4-AS1,,
GAPDH,,
SLC6A8,,
CISD2,,
STARD8,,
SH2B3,,
TMSB10,,
ABCF2,,
CD33,,
EFHD1,,
TSR2,,
PFDN5,,
CYP2W1,,
SLC43A2,,
SLC39A8,,
TBCEL,,
CTF1,,
ADCY8,,
CCDC37-AS1,,
OR10H1,,
ZNF865,,
NT5M,,
ACBD3,,
ANKIB1,,
DOC2B,,
DHRS7C,,
RAD17,,
C2orf70,,
CCDC85B,,
TBPL1,,
SIRT4,,
LRFN4,,
ADAM15,,
NPEPPS,,
C2orf43,,
LIN7B,,
SH3GL1,,
LPO,,
IMPDH1,,
MTSS1L,,
PTH1R,,
HSF2,,
CD209,,
MEF2BNB,,
PRELID1,,
SWSAP1,,
COL4A3BP,,
CTRB2,,
DMTN,,
ZNF250,,
SEC14L1,,
POLR2E,,
LINC00621,,
MIA3,,
DOPEY1,,
SHANK3,,
SNRPA,,
SCAMP4,,
SSH2,,
MECR,,
CORO2B,,
ITGB1BP2,,
NCR2,,
LMNB1,,
ZRANB2,,
SFTA2,,
FXYD4,,
GPN3,,
CREBZF,,
LIAS,,
ASPSCR1,,
HCFC1R1,,
GNPTAB,,
MYL12A,,
POC5,,
C19orf25,,
LOC100507530,,
CLEC1B,,
ORM1,,
APOL2,,
METTL20,,
GSG1L,,
NOTUM,,
ANKRD30B,,
RP11-288H12.4,,
IKBKG,,
LRRC41,,
APBA2,,
SLC25A41,,
TMEM141,,
ZNF29P,,
PRKDC,,
WNK1,,
SLC31A2,,
AGA,,
MRPS23,,
MRPS34,,
FAM9C,,
TRAPPC1,,
NAPB,,
SHANK1,,
LOC100506476,,
C4orf47,,
TUFT1,,
SPPL2A,,
GARNL3,,
PSMA4,,
KLF13,,
EMILIN3,,
ULBP2,,
CDPF1,,
FBXO24,,
ZNF688,,
LOC375196,,
ZNF517,,
AZU1,,
LOC101928762,,
LOC101927752,,
NETO2,,
LOC101927482,,
SMIM8,,
SECTM1,,
SMIM19,,
USP39,,
RPLP1,,
ARNT,,
ERP44,,
RAB3A,,
SCNN1B,,
CPQ,,
COPRS,,
GPR123,,
MYH16,,
TNXB,,
KCNJ10,,
ND2,,
LOC101928909,,
VANGL2,,
EIF2AK1,,
FLJ45482,,
FRG1B,,
SLC25A39,,
LINC01116,,
TUBB1,,
SNRNP27,,
HNRNPLL,,
ANPEP,,
YPEL4,,
ARRDC3-AS1,,
CTNS,,
RALGPS2,,
PLA2G4C,,
HNRNPA3,,
FAM98C,,
DDHD1,,
RND3,,
SYCE3,,
MMAB,,
ORC3,,
C20orf96,,
SYT8,,
OSM,,
HAS3,,
CWC25,,
CGRRF1,,
HIST1H2BO,,
H2AFY,,
NSUN4,,
DHX58,,
ENY2,,
RAF1,,
CREB3L1,,
GRASP,,
RFXANK,,
ADAM10,,
MAP1LC3C,,
GLI3,,
COX7A1,,
RP13-436F16.1,,
LOC101927122,,
NAAA,,
ST20,,
AIFM1,,
CUEDC2,,
MAP6D1,,
SLC6A11,,
CARM1,,
CARHSP1,,
RNASEH2C,,
SARDH,,
TRAF3IP2-AS1,,
C3orf43,,
CHERP,,
PLEKHB2,,
FAM60A,,
BARHL1,,
FUZ,,
ISCA2,,
SMIM20,,
ABCA2,,
DARS,,
SRSF4,,
C11orf84,,
C7orf31,,
KLHL2,,
LACTB,,
PTGDR,,
ZSCAN1,,
SLC19A1,,
MYEOV2,,
CAP1,,
LOC780529,,
LOC101928651,,
NAA38,,
ABHD6,,
AP006222.2,,
SART1,,
RP11-676J12.6,,
CHST2,,
DPPA2,,
PUM2,,
SFT2D3,,
PRND,,
DPYSL4,,
KLC2,,
CDC34,,
BZW2,,
SGCB,,
LINC00687,,
MAP3K10,,
RP11-330O11.3,,
PKD2L2,,
ZNF17,,
DNAH9,,
LIN7A,,
ZRANB1,,
RPS11,,
TSPAN10,,
COG7,,
NDUFAF5,,
TRAPPC6A,,
IGFBP7,,
CST11,,
44812,,
LOC101928845,,
SDHB,,
MTERF4,,
PRDM4,,
UBAC2,,
ST6GALNAC4,,
RTN4IP1,,
ARNTL2,,
EP400NL,,
C16orf58,,
CRYZ,,
ZNF470,,
NCOA4,,
LOC101929465,,
PINK1,,
RANGRF,,
SLIT3,,
ZDHHC15,,
BBS10,,
DCTN6,,
FERMT2,,
SUGT1P1,,
C21orf119,,
BCL7A,,
ZNF554,,
HDDC3,,
CRH,,
RAB10,,
BAAT,,
NFYC,,
MRPL23,,
ASB2,,
RBM6,,
DDX55,,
RCOR3,,
SEMA5A,,
LARGE-AS1,,
PODXL2,,
ATXN3,,
OARD1,,
ZNF71,,
TIGIT,,
ERC1,,
SEC13,,
TSKS,,
SNX31,,
BTK,,
LINC00202-2,,
TLN1,,
ACTC1,,
GSC,,
GFER,,
TBP,,
ATXN7L3,,
GLT8D2,,
DHRS4-AS1,,
CDHR5,,
CENPL,,
NR2C2AP,,
TCF12,,
PRDM16,,
LOC101928559,,
C2orf61,,
EFCAB14,,
TSHZ2,,
RLN3,,
SYNDIG1,,
PAIP2,,
KLHL40,,
RNF207,,
RUVBL1,,
TDO2,,
PLCG2,,
THUMPD3-AS1,,
TEX29,,
RBBP9,,
CCDC40,,
GUCY2C,,
SLC1A5,,
SEC14L3,,
NUP35,,
INO80C,,
LGALS9,,
C6orf226,,
SAMD11,,
STARD7-AS1,,
ERVMER34-1,,
NPPA,,
PAX9,,
ANKRD33,,
SSBP4,,
FLJ31356,,
BAI1,,
ALDH6A1,,
SIAH1,,
MMP1,,
PCP2,,
IPO8,,
CUEDC1,,
PDCD1,,
MOGS,,
TEKT2,,
TBC1D10A,,
MED28,,
EXOSC1,,
CBLN2,,
KRT75,,
SARNP,,
PSMC1,,
YTHDF1,,
MBP,,
STX8,,
CSN1S1,,
PAQR4,,
GALK1,,
LOC100506289,,
PNOC,,
ZNF322,,
TP53I13,,
LINC00515,,
RUNX1T1,,
HNRNPH1,,
EIF2B1,,
ARHGEF40,,
PRR34,,
FBXO36,,
RBL2,,
HIST1H2AC,,
LOC100287808,,
NPHP4,,
MGAT5B,,
SP2,,
N4BP2L2,,
MAGIX,,
TRIM7,,
GPLD1,,
KIAA1654,,
A1BG-AS1,,
KIAA1109,,
CCDC101,,
CEBPG,,
UQCR10,,
COLGALT1,,
PNO1,,
BUB3,,
EIF4EBP1,,
PRKACG,,
CSNK1G1,,
GALM,,
IRF7,,
RP11-408I18.9,,
FAM179B,,
TWF2,,
NDUFA13,,
ATP1A1,,
ZNF383,,
C1orf95,,
LIPE-AS1,,
FAM117B,,
CCR6,,
NUDT22,,
SERHL2,,
GNAS,,
AAAS,,
HLX,,
EIF4E2,,
PLEKHN1,,
LINC00487,,
LOC101927150,,
CLDN9,,
R3HDM1,,
BTF3,,
CSTL1,,
RP11-422P24.11,,
ADAM8,,
TNIK,,
FAM208A,,
KCNK10,,
LOC100505835,,
C1orf123,,
LOC157931,,
STH,,
LOC389332,,
ADCY10P1,,
CCBL2,,
YIPF1,,
PUS7L,,
GPM6B,,
SH3GLB2,,
FLJ37453,,
HTR7,,
QDPR,,
ADRA2B,,
PARP14,,
ZNF540,,
TBX2,,
DNAH8,,
TYSND1,,
EBPL,,
NSG1,,
ACAP1,,
ETV5,,
ZKSCAN1,,
DCAF8,,
VPS41,,
PAK7,,
CCDC127,,
C19orf80,,
CCL24,,
CLK4,,
LYRM9,,
DYNC1LI1,,
ANKRD37,,
GSTP1,,
TLK2,,
STK32C,,
RP11-319E16.2,,
BRWD1,,
FRS3,,
ECRP,,
LOC286071,,
RTEL1,,
GORASP2,,
LOC101927592,,
CCL7,,
B3GNT6,,
ADAMTS13,,
CDCA7,,
NAALADL1,,
ANKFN1,,
NPAS2,,
SPRY3,,
PHKG2,,
DYNLRB1,,
MKL2,,
RPL38,,
BPIFB2,,
MYB,,
SNW1,,
LOC100129112,,
RNF152,,
CD2BP2,,
SS18L1,,
ZRANB2-AS1,,
IFT22,,
C8orf33,,
SLC2A4RG,,
NOP9,,
PPFIA2,,
RNF181,,
ATF7,,
RNF216,,
DDX6,,
XXbac-B476C20.9,,
ZNF347,,
NOVA1,,
SNN,,
MAGT1,,
NPTXR,,
ALDOA,,
TP53INP1,,
DYRK1A,,
TSR3,,
NAB1,,
DSCAML1,,
CRX,,
RNF214,,
MTX2,,
GPR124,,
MFN2,,
ZNRF4,,
NCOA3,,
MYOM3,,
RPS25,,
BPNT1,,
ZNF205,,
TTC8,,
ILK,,
CD7,,
AP3B1,,
ZNF615,,
C11orf31,,
STK4,,
HCN4,,
HNRNPD,,
RPL9,,
NOL3,,
OR1D5,,
BRWD3,,
LOC400541,,
EIF2B3,,
EPB41L1,,
ZNF222,,
OSBPL5,,
LRPPRC,,
C22orf24,,
FZD2,,
PCDHB12,,
CASP4,,
CYP4F22,,
PMS2P4,,
KCNK3,,
PHKB,,
RPL34,,
SH2D3A,,
RP11-300A12.2,,
NPPC,,
CLSTN3,,
PBRM1,,
HTR3C,,
LOC100130744,,
CACNG8,,
NUP210,,
SLC39A10,,
RP4-675G8.2,,
ZC3H8,,
SPCS2,,
RPH3AL,,
CNNM3,,
VPS9D1,,
ZCCHC14,,
HYKK,,
HSD17B3,,
MS4A12,,
ZFHX3,,
HEYL,,
TSPAN9,,
RDM1,,
SIGLEC9,,
CPNE3,,
BC113958,,
CMPK2,,
HSD17B14,,
LYRM1,,
MYH3,,
RFPL1S,,
DLGAP3,,
ZNF511,,
GNG13,,
SKAP1,,
MAGI1-IT1,,
RP11-435O5.5,,
ORMDL2,,
PRLHR,,
POLN,,
PLB1,,
ZNF839,,
ROGDI,,
GHRL,,
USP44,,
C1orf110,,
RHOT2,,
WDR41,,
TFR2,,
SNX14,,
CLCN3,,
LINC00900,,
LEMD1-AS1,,
SHISA7,,
MRPL11,,
SERINC5,,
TIAF1,,
LOC101929181,,
GRM4,,
PSMB9,,
EBP,,
LTBP1,,
MUC12,,
LIMD2,,
LINC00824,,
SMAD7,,
TRIP4,,
44814,,
HCRTR1,,
STYX,,
OPA1,,
ZNF552,,
PPP4R2,,
LINC01013,,
HMGCR,,
TMEM101,,
PEX19,,
ALOX12P2,,
TCF15,,
C1orf64,,
ZCCHC10,,
SYAP1,,
LINC00622,,
BCDIN3D-AS1,,
NECAP2,,
PAQR6,,
MAPKAPK5-AS1,,
ARHGAP11A,,
GIPC3,,
OGT,,
UBXN8,,
SCARB2,,
DNAJC21,,
PPARGC1A,,
NTN3,,
LMNTD2,,
NAPA-AS1,,
VEGFB,,
LOC101927417,,
WFDC10A,,
EFTUD1,,
CYP11A1,,
NACA,,
ZG16B,,
AUP1,,
PSMB5,,
TNFRSF13B,,
LOC101928612,,
RP11-669C19.1,,
CFL1,,
TEX14,,
RP5-1098D14.1,,
RP11-190A12.8,,
VASH1,,
ALDOB,,
COPA,,
MFAP1,,
SEC61B,,
TUG1,,
TGM4,,
CCDC154,,
EIF4B,,
CTSLP8,,
RPS10,,
ZNF146,,
BCAS1,,
SF3A3,,
GRAP,,
ASL,,
RP4-798A10.7,,
LOC101928707,,
FGD6,,
SCLY,,
SPG21,,
SETD3,,
THNSL2,,
KRT10,,
MPND,,
C10orf85,,
ANAPC15,,
LOC101927865,,
LINC01364,,
LOC101928278,,
HCFC1,,
BOC,,
TRAFD1,,
DTX1,,
TUBGCP6,,
ACPT,,
LOC554207,,
PIGF,,
ATP5D,,
CHPT1,,
GNPTG,,
TCEA3,,
CTD-2002J20.1,,
CNGA1,,
LINC00942,,
TRAF4,,
GM2A,,
LOC100128239,,
CHID1,,
STXBP1,,
ZNF750,,
SH3BGRL3,,
MIIP,,
LINC00526,,
MRM1,,
AZIN1,,
WDR63,,
POU6F1,,
ERV9-1,,
LY6K,,
ATAD3A,,
STK33,,
KCNAB2,,
CRYBG3,,
KANK2,,
EIF3H,,
WDR64,,
TRIM59,,
HINFP,,
EDEM1,,
BDH1,,
AMER3,,
SLCO4A1-AS1,,
ZNF670,,
CCND1,,
SOX2,,
PRDM7,,
TMEM235,,
LRRC8D,,
GPNMB,,
TMEM255B,,
POU4F3,,
PSMB2,,
HIST1H3B,,
IMP4,,
GS1-111G14.1,,
C12orf50,,
CCDC151,,
OSBPL3,,
NSMF,,
SLC25A36,,
BPIFB1,,
DNASE2,,
SDC4,,
RPIA,,
EVC,,
TGS1,,
TMEM134,,
GS1-164F24.1,,
TBC1D17,,
RCE1,,
IKZF3,,
ARHGAP25,,
HYLS1,,
NKX2-1,,
LOC653581,,
TIMM23B,,
ATP5SL,,
NUDT1,,
TNP1,,
CYP1B1-AS1,,
TAF3,,
NPM1,,
WDR60,,
KRT8P12,,
PHF8,,
LILRA4,,
MFN1,,
FAM110D,,
RBPMS-AS1,,
MND1,,
COL22A1,,
INO80E,,
ALKBH4,,
KDM5B,,
NEURL4,,
DPY19L2P4,,
EXOC3,,
C14orf37,,
PHF11,,
RP1-305G21.1,,
PAPOLA,,
BORA,,
KDM4D,,
MAN2B2,,
RP11-332H18.4,,
MYPN,,
SEPT5-GP1BB,,
MGC34796,,
IDUA,,
STAU2,,
PGLYRP2,,
POU3F2,,
FOXN3-AS1,,
SPRYD7,,
RP11-874J12.4,,
ECD,,
RAN,,
DENND6A,,
SNHG10,,
AC006026.13,,
MYOM1,,
TNFRSF18,,
VIPR1,,
VKORC1,,
AP001063.1,,
APC2,,
LOC100506142,,
AC007292.3,,
DMKN,,
COQ3,,
NPRL2,,
CARD11,,
LRRC29,,
GPR144,,
AP2S1,,
CD55,,
TMPO,,
KRTAP5-8,,
APAF1,,
LINC01351,,
AOC1,,
TMEM218,,
DMRT2,,
MPST,,
UFSP1,,
GFPT1,,
HYDIN2,,
SF3B1,,
ABCB4,,
PEAK1,,
NEBL-AS1,,
NOL6,,
ERVK3-2,,
C1orf158,,
SSR4P1,,
HFM1,,
ADRB1,,
UCKL1,,
GK,,
SPPL2C,,
COX7A2L,,
MGAT1,,
MPP1,,
DENND2C,,
TBL3,,
RP11-669I1.1,,
TGOLN2,,
LINC00158,,
PSMB8,,
MEX3D,,
CYTH4,,
LINC00847,,
PKNOX1,,
PMPCA,,
JTB,,
HMHA1,,
LRRFIP2,,
FOXK1,,
LTN1,,
SLC25A17,,
OTUD7A,,
AOC2,,
OR2K2,,
CTD-2083E4.7,,
ZNF818P,,
LOC101927396,,
ZFP28,,
PPFIA3,,
SGSM1,,
COQ10A,,
SP4,,
FEZ2,,
PCDH12,,
POLR3D,,
CLEC2L,,
VAMP2,,
ADRBK2,,
LOC101928583,,
MLLT10,,
ATP6,,
LOC100287497,,
POLR3C,,
RELB,,
LAMTOR5,,
CHD5,,
RP11-49K24.4,,
AGPAT9,,
LINC00996,,
REEP6,,
C3orf14,,
LOC100652824,,
MAPKAPK3,,
AC068831.3,,
FITM1,,
LOC101928809,,
TMEM194A,,
ZC3H7A,,
FAM24A,,
RBM28,,
HINT1,,
RBBP8NL,,
MIR4296,,
FAM83C,,
RITA1,,
FGF6,,
RAD18,,
GCK,,
AK056098,,
LOC90246,,
C5orf22,,
BARX1,,
CUL1,,
RRP7A,,
ZNF271,,
DUSP18,,
LOC100506175,,
CLDN14,,
TMEM18,,
SNX8,,
AP2A1,,
ACER3,,
LSM14B,,
ZFP82,,
GMFB,,
TSPYL1,,
SENP3,,
MNAT1,,
RP11-375I20.6,,
CC2D2B,,
GALR1,,
PPP1R3E,,
ZFR2,,
RAB40B,,
FAM110B,,
RBM45,,
SIGLEC1,,
CTXN3,,
SMARCC1,,
SCN9A,,
UBE2Z,,
KLF12,,
SDC2,,
GRIK2,,
ING5,,
RP11-308D16.4,,
STARD3,,
GYPE,,
HLA-F-AS1,,
TUBGCP4,,
NDUFA10,,
FAM46A,,
HSPB3,,
SYNE1,,
CUX1,,
MNX1-AS1,,
TUSC1,,
TTC28,,
CALR3,,
MYOZ2,,
TUNAR,,
MEF2C-AS1,,
RP11-619L12.4,,
DCAF4L1,,
HIST1H2BB,,
LAMB2P1,,
DACH1,,
RP11-673E11.2,,
CTD-2196E14.6,,
PLCG1-AS1,,
ATP5J,,
GOPC,,
DQ588163,,
MAATS1,,
KATNAL1,,
EIF3L,,
AL832163,,
DPM2,,
C20orf195,,
GRM1,,
LINC00587,,
SDCCAG3,,
GBP1P1,,
RAB3D,,
GNRH1,,
KAT2A,,
ACTL9,,
DNM1L,,
PGP,,
RP11-539L10.3,,
RHPN1,,
CDH20,,
LOC101927051,,
LOC284661,,
GPT,,
TACC3,,
EPM2A,,
CDKL5,,
SREK1,,
MTERF3,,
TRIM69,,
MRPS21,,
LINC01093,,
PET100,,
FAM19A1,,
GAS6,,
LOC100130476,,
LOC100996583,,
CISD3,,
ADK,,
FAHD1,,
AGER,,
RPL41,,
ZCCHC4,,
IGH,,
FIGLA,,
KIF16B,,
TMEM262,,
BLOC1S3,,
BTRC,,
MRPL48,,
SP100,,
TRAF6,,
DKK3,,
PPY2,,
RAMP2-AS1,,
CHST11,,
ANKRD35,,
FDX1L,,
RNA45S5,,
DEXI,,
WAC,,
RALA,,
EMR3,,
PMF1,,
DTNB,,
TNIP1,,
CCDC132,,
RP11-543C4.1,,
FAM154A,,
EML2,,
LOC101928886,,
FAM219A,,
LRRTM1,,
TRIO,,
SPINK6,,
LINC01233,,
NUB1,,
LOC101928837,,
PLCB3,,
TERF2,,
UBA3,,
CD164,,
DHX9,,
HMGA1,,
SLC44A2,,
SPCS1,,
AFM,,
CAND1,,
SMARCB1,,
MUTYH,,
PITX3,,
DDX5,,
DNASE1L2,,
POLI,,
SMG9,,
GRM3,,
SMC6,,
PBX4,,
PHYKPL,,
NDST1,,
MRPS14,,
NR1I3,,
WBP11,,
PLK5,,
SRA1,,
C21orf59,,
GBX2,,
RASAL3,,
ZNF786,,
HSDL2,,
INTS3,,
ADPGK,,
DOCK7,,
MOK,,
PER3,,
HOXA3,,
MIEN1,,
SRD5A1,,
SEPHS1,,
KCNU1,,
SH3GLB1,,
C1orf43,,
EXT2,,
FYCO1,,
RP11-534L20.5,,
CLASRP,,
HIST1H1C,,
RASGRF2,,
C1orf204,,
TULP2,,
SLC44A1,,
ARMC5,,
LDHD,,
RP4-781L3.1,,
HOXB2,,
LOC100505841,,
ARHGAP22,,
PPP1R26-AS1,,
CSNK1A1,,
ASGR1,,
HAB1,,
CCND2,,
LMNB2,,
CMC4,,
MATN4,,
XRCC5,,
MRPL17,,
PLP2,,
TICRR,,
PAM16,,
RAP1GDS1,,
CD4,,
PINLYP,,
NTM,,
LOC729083,,
GLO1,,
LOC101929378,,
ASAH2B,,
LOC100506272,,
ENTPD5,,
SPTLC1,,
NUP188,,
GPATCH2,,
ICAM5,,
AP4M1,,
DSCC1,,
CDC6,,
ZNF354C,,
HOXD11,,
LOC100506557,,
ELF2,,
PHF10,,
CCL27,,
CCDC159,,
SPTBN2,,
LMBRD1,,
TICAM1,,
HDGFRP3,,
RP1-199J3.7,,
UGCG,,
SLC39A2,,
SPAG8,,
HIST1H2AM,,
SNRNP48,,
EXOSC8,,
CHEK1,,
CTNNBL1,,
PPP1R37,,
KBTBD11,,
LOC283484,,
AK054988,,
AKIRIN2,,
TPT1-AS1,,
FAM24B,,
RASSF3,,
CASC14,,
SPACA7,,
KIF12,,
PPP3CB,,
PPP2R2A,,
APOM,,
NF2,,
LOC102723645,,
C8G,,
LOC100131496,,
OOEP,,
FLJ10038,,
PPM1J,,
PRSS30P,,
ALMS1-IT1,,
ATP1B2,,
CCNA2,,
DOCK6,,
CAHM,,
SLC2A9,,
LOC100507388,,
TIPIN,,
RP1-118J21.25,,
CNOT10,,
CLDN12,,
UTP11L,,
LOXL3,,
RP11-1017G21.5,,
RP11-554D14.1,,
SUCLG1,,
ARAF,,
CCDC174,,
NRIP1,,
OTOR,,
CDNF,,
CREB3L3,,
DIS3L,,
LOC101926942,,
C22orf34,,
SLTM,,
PARVA,,
DKFZp564H213,,
BRSK2,,
ATP5L,,
LINC00514,,
LRFN5,,
EMC9,,
FKBP10,,
FCHSD2,,
VTI1A,,
TBC1D10C,,
CECR5-AS1,,
KIAA0040,,
RP11-29H23.4,,
DNAJB6,,
ARPC5,,
LILRA3,,
WDR20,,
TRIM61,,
EZH2,,
CABP2,,
LINC00466,,
LINC00939,,
LZIC,,
KLHL17,,
FAM171A1,,
DENND4A,,
GPR25,,
C4orf36,,
WSB2,,
C16orf74,,
GPR132,,
LEF1-AS1,,
TMEM179,,
PPP3CA,,
CSNK1E,,
SLC12A9,,
LILRA1,,
RP11-654A16.3,,
CACNG7,,
EXD2,,
ENDOV,,
GGT7,,
STYXL1,,
HAND2,,
MRPS33,,
DCUN1D1,,
BEND5,,
HRK,,
WDR5B,,
PTMS,,
ANXA7,,
NIT1,,
APOL3,,
TRMT12,,
RIN2,,
LINC01431,,
WDR92,,
SOCS1,,
GPR55,,
LOC283335,,
RCN2,,
ATAD3C,,
MMP21,,
GNAI3,,
BCAS2,,
IFI35,,
MCMDC2,,
SAMD4B,,
ZNF653,,
XPO1,,
ARHGAP42,,
MYO1G,,
LOC100127972,,
SEMA4A,,
LOC646903,,
DDX42,,
SPTBN5,,
UBOX5,,
AGPAT3,,
TRPV6,,
IDO1,,
GUSB,,
COPB2,,
VTA1,,
RFESD,,
OGFR,,
ARAP1,,
DMAP1,,
TSC22D1-AS1,,
PHF2,,
EMC6,,
BATF3,,
NSUN3,,
TCTEX1D1,,
MSC,,
SRD5A3,,
TEAD1,,
GTDC1,,
PARP1,,
PHLPP1,,
LOC101929164,,
STAT5A,,
CDRT15L2,,
KIR3DX1,,
LOC100128325,,
RPL23AP53,,
GTPBP3,,
EXOC2,,
PPP1CC,,
RP11-486G15.2,,
DGCR10,,
GPX7,,
PARL,,
WDR27,,
GTF2F1,,
NR1H3,,
ZFC3H1,,
EXTL1,,
SCO2,,
COX17,,
TBC1D22B,,
CENPT,,
MFI2-AS1,,
SPATA21,,
IFT81,,
PPP2R3A,,
SENP8,,
AGAP2-AS1,,
SEMA7A,,
NAGA,,
KPNA1,,
CLUAP1,,
PSMD12,,
FEZF2,,
KNTC1,,
LOC101927124,,
ZC3H14,,
RP11-661A12.9,,
EFHB,,
SCUBE3,,
MED29,,
STRAP,,
TOM1,,
GSTA4,,
ANKRD30A,,
LEPROTL1,,
FBXL15,,
SHISA5,,
SPATA20,,
LOC390705,,
LOC101927292,,
TSEN15,,
RAP2C,,
PTPLA,,
IFNK,,
SRCRB4D,,
DAK,,
CC2D1A,,
CDH2,,
UBE2Q1,,
KIF1A,,
USP3,,
GSTA1,,
CACNA1I,,
COIL,,
SGSM3,,
RABL3,,
FAM199X,,
NUDT16L1,,
ESRRA,,
ARMC6,,
LOC102724387,,
TYW5,,
ZNF280C,,
NFIA,,
DPM3,,
MAN2C1,,
SFXN4,,
C7orf63,,
HAUS1,,
CTD-2553C6.1,,
EMC8,,
BAG1,,
MAP2K1,,
C6orf106,,
RAD54B,,
ALG2,,
SSBP3,,
KPNA3,,
PSMC3IP,,
INF2,,
LOC101927021,,
RAPGEF2,,
KIAA1328,,
UXT,,
CCDC167,,
DUSP7,,
PAPOLB,,
TRAPPC3,,
GRIK1,,
UBE3B,,
GTF2H1,,
EQTN,,
ZNF257,,
ADH6,,
MCM5,,
C9orf72,,
MFAP3,,
CNPY3,,
ITPKA,,
CCDC57,,
CLPS,,
PDIA2,,
LRRC74,,
ZNF445,,
DFNB31,,
ANXA1,,
LOC145694,,
DYNLL1,,
PARP10,,
ZMYM2,,
RYK,,
RARA,,
USF2,,
C11orf97,,
METTL3,,
TADA1,,
FAM173A,,
C22orf46,,
FAM129B,,
SRP19,,
LOC100506368,,
UPB1,,
LINC01207,,
RBSG3,,
FAM118B,,
PRKG1,,
PRIM1,,
EXOSC3,,
LINC00328,,
RPL26L1,,
SLC22A24,,
CALCR,,
C11orf45,,
RELT,,
LHX1,,
RP11-161I6.2,,
KXD1,,
ARGLU1,,
CCDC77,,
ZPR1,,
NHP2,,
TTLL4,,
VAMP5,,
ELP2,,
ZFAS1,,
GCSAM,,
STAG1,,
FIG4,,
RIOK3,,
PPP2R5A,,
NIN,,
LOC101928433,,
EXOSC5,,
NSMCE1,,
LOC100506603,,
MON1A,,
RP11-504A18.1,,
TOR4A,,
TCRBV15S1,,
C19orf40,,
SAP30L,,
HOOK2,,
DHX34,,
PRDX3,,
PSMD3,,
LOC100287015,,
LOC440434,,
SRD5A3-AS1,,
NLRP7,,
CCDC144A,,
CACFD1,,
SLC18A3,,
LOC101930026,,
TUBA1C,,
HIST1H2BH,,
TMEM116,,
MED31,,
HOXB8,,
SIPA1L3,,
USP18,,
NOL8,,
TIMM17B,,
PDE9A,,
LINC00906,,
CCDC22,,
MBL2,,
ADCY6,,
MYF5,,
GJB5,,
C5orf30,,
KIAA1456,,
CPEB1,,
VPS35,,
PGK1,,
TMEM150A,,
LOC100506083,,
DYNC1LI2,,
MTRR,,
HES5,,
ZNF524,,
PMM1,,
ADCK5,,
SLC5A11,,
HKDC1,,
DYDC1,,
RNF167,,
POLM,,
PNKD,,
FGGY,,
EXOSC6,,
LOC102724975,,
KLC1,,
TRPC7,,
CTU2,,
PSMD8,,
NEUROG2,,
CARS2,,
ST3GAL4-AS1,,
CDC42SE2,,
UCN,,
EIF3K,,
WDR73,,
ITPRIPL2,,
GABARAP,,
TRPV4,,
UPRT,,
PPIL3,,
LINC00967,,
ISYNA1,,
DGKA,,
SEC63,,
EMD,,
PAQR7,,
S100A7A,,
C12orf10,,
DVL2,,
JARID2,,
SSH1,,
SH2B1,,
RP11-266L9.1,,
COL26A1,,
EVPL,,
FLJ26850,,
PCDHB13,,
KRI1,,
EARS2,,
MTMR1,,
SLC26A9,,
CHRNA4,,
ARRDC1,,
SPA17,,
CNGB3,,
EXO5,,
PRPF31,,
RBM34,,
RNF44,,
C3orf80,,
C5orf55,,
MFSD11,,
PIGU,,
WDR12,,
UBE2F,,
IMMP2L,,
PSMD13,,
ZNF235,,
PIP5K1A,,
TAS2R50,,
C15orf59,,
ZNF335,,
SLC35F1,,
LINC01125,,
UQCRB,,
LOC148413,,
CEP95,,
ZNF565,,
VEGFA,,
PNPLA6,,
LINC00475,,
CENPV,,
KLK12,,
LOC101929949,,
JKAMP,,
GLRX,,
SURF6,,
SCAF8,,
LMBR1L,,
ABCA7,,
CCNK,,
HSD17B4,,
RPS10P7,,
CTD-3126B10.1,,
TMTC4,,
VGF,,
SP110,,
DHPS,,
RNPEP,,
PAX8,,
MRPL30,,
EFCAB13,,
PALLD,,
DDAH2,,
MUC4,,
AS3MT,,
DOPEY2,,
QRSL1,,
FN3KRP,,
ACAA1,,
CNTRL,,
TIGD5,,
GNG5,,
RP11-574H6.1,,
SNTA1,,
SHOX,,
ZNF213,,
PRKCH,,
RP11-54K16.2,,
NUDC,,
ROM1,,
RPS15,,
FDXACB1,,
EDRF1,,
GLTSCR2,,
DGAT1,,
AF279780,,
CAB39,,
DMBX1,,
ZNF787,,
CRIPT,,
CTD-2297D10.2,,
VPS39,,
CCDC50,,
SCML2,,
KLK14,,
CACTIN,,
ITGB7,,
MGEA5,,
CSTF2,,
ADPRM,,
PSMD7,,
IL12A-AS1,,
YIF1A,,
RTFDC1,,
RGAG4,,
MIATNB,,
RPS28,,
CSE1L,,
RPL12,,
MTFP1,,
ASAP1,,
CLTC,,
TMEM55B,,
HSPA14,,
GAA,,
TELO2,,
TBC1D20,,
SYTL5,,
IGFBP4,,
GP5,,
IQCG,,
WDR90,,
NGDN,,
MYO3A,,
ARHGEF17,,
EMC3,,
RP11-288L9.1,,
SYT7,,
B3GNTL1,,
SEC14L5,,
TAB1,,
OXGR1,,
LIPF,,
GRK1,,
CCDC43,,
WBP2,,
GGTLC1,,
CHRD,,
MRGBP,,
CLVS2,,
REG3A,,
PDZD11,,
ASCL2,,
LOC100996634,,
AGAP4,,
SUGP1,,
AMBRA1,,
KCTD6,,
OSBPL9,,
LOC729732,,
STX2,,
NIPBL,,
KIAA0100,,
PSAP,,
GRN,,
LOC645321,,
HTRA2,,
BRCC3,,
SRR,,
RP11-440L14.3,,
FGFR2,,
LOC728114,,
SMARCA5,,
RP1-130G2.1,,
CMYA5,,
RP3-525N10.2,,
DTD2,,
CARD18,,
SHROOM4,,
MRPL22,,
USP14,,
CTD-2547L24.4,,
LRRC37A5P,,
CCDC185,,
NAPSA,,
SPTSSA,,
LOC101927248,,
NAA10,,
LAMTOR1,,
DCAF7,,
TBC1D31,,
VWA9,,
GPR111,,
LOC100129447,,
PRDM10,,
RNF25,,
IKBKB,,
STAMBP,,
LOC101928327,,
MRPS17,,
ANKRD13B,,
ARHGEF11,,
RP11-66N11.8,,
ZFAT,,
LOC101927286,,
FSTL5,,
PSRC1,,
RAP2C-AS1,,
KIF23,,
VPS8,,
POLR3K,,
STARD3NL,,
FAN1,,
STARD7,,
IGFBP5,,
LOC101928700,,
RFT1,,
CRYBA2,,
ZNF683,,
QPRT,,
WDR26,,
KCTD17,,
NDUFS4,,
RP11-252E2.1,,
AKAP6,,
DXO,,
SIK3,,
TIE1,,
EDEM2,,
TOR2A,,
RPL34-AS1,,
PCNA,,
OIP5-AS1,,
LOC101929410,,
RAB5B,,
TMEM175,,
DHX32,,
MRRF,,
PAN3-AS1,,
CEP131,,
MKRN2,,
DNM1P41,,
CLDN6,,
WDR24,,
LOC439911,,
RP5-1180E21.5,,
IFNE,,
LINC00282,,
C14orf80,,
IQCK,,
AURKAIP1,,
SLC45A2,,
IRF3,,
NUDT7,,
NIPA2,,
POLR2J2,,
STAT1,,
TPTE2P6,,
RNF146,,
LOC101928378,,
DNAJC8,,
LOC100288966,,
PEMT,,
L3MBTL4,,
NKX2-5,,
SDF4,,
DPF2,,
LOC101927346,,
LEMD2,,
MIR143HG,,
ZSCAN26,,
FUT1,,
TUBA1B,,
RP11-414H17.5,,
VRK2,,
FLJ41455,,
RP11-73K9.2,,
TULP4,,
FAM184B,,
TCF20,,
TDRD7,,
NAIF1,,
SSU72,,
ZNF513,,
LIN37,,
TIMM10B,,
RAD1,,
AC006129.2,,
ANAPC13,,
PCAT6,,
CTD-2118P12.1,,
ZDHHC5,,
SFXN3,,
CPSF6,,
SLC39A1,,
TBCK,,
MAK16,,
NARS,,
DYRK1B,,
USP19,,
ACADS,,
WDR45,,
PRO1804,,
FOXL1,,
TRAPPC2,,
DEFB114,,
NFKBIB,,
SPATA9,,
EFCAB4A,,
CASK,,
DDHD2,,
CEBPA-AS1,,
MRPL16,,
HIST1H4L,,
UBE3C,,
NARF,,
HLA-C,,
ZEB1-AS1,,
TMEM9B,,
PRPF40B,,
CCDC94,,
SLC6A9,,
JSRP1,,
IQGAP1,,
RP6-24A23.7,,
PWWP2B,,
VAMP1,,
WRNIP1,,
LINC01220,,
SLC6A2,,
RAD21,,
SCAMP1,,
RP11-1277A3.3,,
WASL,,
DEAF1,,
PELO,,
RP11-177N22.3,,
GSK3A,,
KIF18A,,
RP11-295P9.12,,
COPS3,,
WBSCR28,,
MGC10814,,
CRNKL1,,
TCEB3,,
TMEM184A,,
RP5-1074L1.4,,
TSSC1,,
LOC101928464,,
HBP1,,
HIF1AN,,
DDO,,
MSTN,,
FAM206A,,
IL24,,
PLRG1,,
LNX2,,
SLC25A45,,
LINC00520,,
YPEL2,,
NAV2-IT1,,
COL20A1,,
GSR,,
SAP30BP,,
LOC101928833,,
LINC00917,,
LOC100506538,,
SNPH,,
DTNBP1,,
TEX36-AS1,,
LOC101927719,,
PRPF4,,
CCDC42B,,
NT5C2,,
TIMM23,,
PIK3C3,,
LINC01021,,
DPP7,,
TEX13B,,
LRTOMT,,
TRIM21,,
DPP9,,
OLFML2A,,
ICAM2,,
CAMK2G,,
LTB4R2,,
PJA1,,
SCGB2A2,,
ATL3,,
PARP15,,
LOC100294145,,
SLC10A3,,
ZNRD1,,
OTUD5,,
RP1-155D22.1,,
WDFY2,,
PSMA5,,
LOC101927112,,
RP5-1027O15.1,,
ZNF35,,
STK38,,
DDX39A,,
ZNF276,,
MPHOSPH6,,
HAPLN2,,
PDZD7,,
SH3BP1,,
FAM162A,,
TDRKH,,
C19orf68,,
KRT83,,
TRIT1,,
SERPINB6,,
CTC-471C19.1,,
COX4I1,,
SERBP1,,
TMEM62,,
NRF1,,
WFDC5,,
RPS15A,,
RPF1,,
EIF1B,,
CITED1,,
ZNF219,,
CSF2,,
LRRC42,,
PPFIA4,,
IL12B,,
GRTP1,,
SCAF4,,
TCTE1,,
UBTF,,
PTPRO,,
LOC101928101,,
LOC101927534,,
NEU2,,
RP11-285F7.2,,
DYM,,
TP53BP1,,
LOC101927972,,
DIEXF,,
U2AF1L4,,
NIF3L1,,
ZNF705G,,
GID4,,
LOC646626,,
AP1S1,,
MRI1,,
SLC45A3,,
ZFAND2A,,
GNPDA1,,
PARD3-AS1,,
LINC01191,,
FGF20,,
PALB2,,
RP11-714L20.1,,
ASCC2,,
PP12708,,
MYO7B,,
STX5,,
MAGED2,,
AP3B2,,
MYH7B,,
DCX,,
AK098263,,
SLC7A6,,
CDC42BPB,,
C18orf21,,
C19orf60,,
RPS10L,,
RP3-452M16.1,,
VIPR2,,
EML4,,
SCAMP2,,
PNKP,,
AC000111.3,,
CASC22,,
MYO10,,
SMTNL2,,
MCOLN2,,
CTC-510F12.4,,
IFT46,,
IRF2BP1,,
GPR162,,
SLC35F4,,
RPS6KA1,,
TRAF3IP1,,
LOC101927348,,
POLD4,,
TEAD3,,
RPL23A,,
MCTP2,,
ARFGAP1,,
PANX3,,
TRMT61B,,
ZNF24,,
MIF4GD,,
OTUD1,,
CALY,,
ASB9,,
UBE2D2,,
RP1-265C24.8,,
QSOX2,,
TMEM129,,
SH3D21,,
LRRC45,,
PKMYT1,,
CYCS,,
NXT1,,
LOC101928386,,
MANBAL,,
SEPW1,,
ZNF211,,
LA16c-381G6.1,,
SPC25,,
DESI2,,
RP11-884K10.7,,
ACADVL,,
PQLC1,,
CCBL1,,
FAM214B,,
RP11-21G15.1,,
TSC2,,
NUP62CL,,
ATP5B,,
BC044614,,
ICA1,,
ZFP42,,
SORD,,
INTS2,,
MICU1,,
PROC,,
OAT,,
MRPS11,,
LOC101928697,,
CCR10,,
AP3M1,,
MIR142,,
ZC3H4,,
CRHR1,,
SLC38A3,,
ABCA12,,
MBD3L1,,
POU4F2,,
MGC16275,,
F10,,
SLC39A13,,
LOC101929690,,
SENP1,,
LOC100132356,,
UTP6,,
HAUS7,,
ZFP91,,
LINC00551,,
ZFAND2B,,
RIPK2,,
MCCC2,,
CTC-436K13.5,,
ZHX2,,
AP1B1,,
MRPS15,,
U47924.27,,
ALKBH6,,
LINC00858,,
RP11-324J3.1,,
CHST14,,
ASH2L,,
DCTN3,,
LOC100130992,,
BC045788,,
RNASE11,,
TTF1,,
THOC1,,
DHX38,,
PRR14,,
OR2L2,,
POLD3,,
C16orf62,,
PINX1,,
LOC654841,,
TM9SF1,,
AC087501.1,,
BC034416,,
CYP4F11,,
CABP1,,
RHOT1,,
NACC1,,
RP11-587D21.4,,
NADSYN1,,
RMND5A,,
HM13,,
FAM222A-AS1,,
FAT1,,
NRP2,,
RMND1,,
PIP4K2C,,
CTC-429P9.3,,
CLPB,,
CTD-2310F14.1,,
LINC00639,,
UNG,,
TAZ,,
PDZD4,,
ISCU,,
RSPH4A,,
LAMC1,,
WASF3,,
ZCWPW1,,
LINC01254,,
C10orf107,,
C17orf89,,
MIPEPP3,,
ABHD11,,
PADI2,,
VPS26B,,
LINC01213,,
RP11-753A21.1,,
BTF3P11,,
NUBP2,,
LINC01395,,
CTD-2350J17.1,,
FLJ22763,,
RP11-210K20.4,,
DNMT3A,,
WDR75,,
HDLBP,,
MAGEB1,,
FBXO30,,
LOC100130458,,
NEURL2,,
RP11-506N2.1,,
UBE2G2,,
GCSAML,,
EXOC6B,,
CBFA2T3,,
FAM212A,,
CCT6A,,
RARS,,
VIPAS39,,
TFPT,,
SSSCA1,,
CHMP1A,,
MSRB1,,
OR2C3,,
BMS1,,
PIGV,,
HORMAD1,,
EVX1,,
PCYT1B,,
GNGT1,,
KRTAP4-12,,
LOC101928140,,
STX16,,
FAM227B,,
SUPT3H,,
ARHGAP22-IT1,,
PSME3,,
TSPAN17,,
LOC158434,,
LOC101927081,,
RP11-305O4.3,,
LOC100507201,,
LOC100507600,,
C5orf45,,
EIF4G1,,
SOX13,,
RPS17,,
RP11-567I13.1,,
ZMAT2,,
PPP3CC,,
ORMDL3,,
RAD23A,,
PROX1-AS1,,
DNAJB7,,
LOC100422212,,
CANX,,
EXD1,,
RP11-687F6.1,,
TAAR1,,
LDHA,,
HLA-DPB2,,
POLA1,,
CYP2F1,,
MMP11,,
ALG12,,
HYOU1,,
TTC29,,
INHBE,,
PUSL1,,
C9orf69,,
OLFM3,,
GABRG1,,
RP11-320H14.1,,
PSMG2,,
LOC101927237,,
BC045784,,
KIF24,,
PRUNE,,
MYO9B,,
SRRM3,,
SP3P,,
LOC286177,,
RP1-263J7.2,,
LOC101927358,,
CHMP7,,
AC124997.1,,
LOC101929225,,
TM2D3,,
RAB40A,,
SNRNP25,,
ZDHHC18,,
FGF1,,
GLYATL1,,
SLC27A1,,
CXCL5,,
RP11-486A14.1,,
LOC158960,,
UTP3,,
LOC100131860,,
SHFM1,,
C21orf37,,
LOC286087,,
LINC01153,,
DAB2IP,,
KRTAP4-7,,
VPS53,,
LOC644135,,
WDR83OS,,
BTN2A1,,
NAT14,,
AKR1C4,,
NGRN,,
COX2,,
LCTL,,
RNF185,,
MLNR,,
NAALADL2-AS3,,
BRD1,,
RP11-394I13.2,,
DPH7,,
PPM1G,,
GGA2,,
LOC100630918,,
LINC00901,,
FETUB,,
CELSR1,,
FAM110A,,
VDAC2,,
MIR663AHG,,
LHX8,,
ARHGAP24,,
MRGPRX3,,
LOC101926918,,
MAPKAP1,,
TOP1P2,,
RP11-457K10.1,,
RHNO1,,
MATN3,,
FLYWCH1,,
C12orf74,,
FAM154B,,
OXSR1,,
DDX53,,
TAS2R19,,
LINC00606,,
MAGEB6,,
IGFBP7-AS1,,
PCDHB17,,
LOC100128176,,
RP11-171I2.1,,
LINC01242,,
TIGD1,,
NEK9,,
IDE,,
ABHD16A,,
LOC102724809,,
RFPL1,,
BC040311,,
PGS1,,
AP1G1,,
ZNF804A,,
LOC100127886,,
CDK19,,
MAD2L1BP,,
LOC146513,,
CLCA4,,
COX1,,
ZBBX,,
LOC643659,,
MBTPS1,,
NVL,,
CPT2,,
LINC01087,,
RP11-475A13.2,,
ANKRD30BP2,,
MGC27382,,
LINC00471,,
LOC441454,,
HSPBP1,,
UBE2NL,,
FAM66D,,
CDC14C,,
LOC102724587,,
PDHB,,
LETM1,,
LOC497256,,
RP11-477N3.1,,
F13B,,
FLG,,
RP11-1217F2.1,,
ZNF99,,
IFNA8,,
HMGN2P46,,
VAC14-AS1,,
RECQL5,,
ATP6V1E1,,
SNORA74A,,
OSBPL2,,
MRPL45,,
RP5-1103G7.10,,
NFE2L1,,
RP11-29P20.1,,
AC136289.1,,
RP11-809F4.3,,
CDH12,,
RPS4X,,
CCDC122,,
DEFB108B,,
NXPH1,,
RP11-131L23.2,,
SLC13A1,,
PLEKHS1,,
ZNF90,,
LINC01103,,
HNRNPA3P1,,
LINC01098,,
MDGA2,,
OR8B2,,
RP11-286E11.2,,
BPESC1,,
BTBD8,,
LRRTM4,,
LOC101927066,,
ZNF80,,
AP000265.1,,
LOC101928995,,
PCDH15,,
PPIA,,
RP1-28C20.1,,
LOC729652,,
RP11-95O2.1,,
RP11-278J20.2,,
TAS2R45,,
LOC101928052,,
HOTAIR,,
LINC00624,,
RP11-214K3.20,,
RP11-366L5.1,,
RP11-355F16.1,,
LOC642426,,
MIR17HG,,
MAGEA4,,
ENTHD1,,
MAB21L3,,
RP11-257I14.1,,
RNF169,,
LINC00558,,
LOC100506999,,
RP11-171N4.1,,
WDR77,,
FAM230C,,
ZNF732,,
IYD,,
RPL7,,
MYL7,,
CSTF3-AS1,,
C12orf55,,
ND4,,
